,Frequency1,Frequency2
0,0.0,0.26666666666666666
1,0.4666666666666667,0.13333333333333333
2,0.16666666666666666,0.06666666666666668
3,0.15,3.25
4,0.0,0.0
5,3.333333333333333,2.1333333333333333
6,2.2333333333333334,0.06666666666666668
7,0.35,0.016666666666666666
8,0.03333333333333333,0.03333333333333333
9,0.75,1.5166666666666666
10,3.6,0.03333333333333333
11,0.45,0.3
12,0.6666666666666666,0.08333333333333333
13,2.933333333333333,0.03333333333333333
14,0.5,0.4
15,4.883333333333334,7.35
16,0.3,0.35
17,0.0,0.016666666666666666
18,0.0,0.0
19,0.016666666666666666,0.03333333333333333
20,0.0,5.7333333333333325
21,3.45,0.21666666666666667
22,5.683333333333334,3.733333333333333
23,0.0,0.03333333333333333
24,0.3,0.06666666666666668
25,0.26666666666666666,0.03333333333333333
26,0.18333333333333326,0.016666666666666666
27,0.7166666666666667,0.0
28,0.45,0.4
29,0.08333333333333333,0.0
30,0.5,0.85
31,9.3,6.9
32,4.616666666666666,5.466666666666668
33,0.08333333333333333,0.3
34,0.05,0.21666666666666667
35,0.43333333333333335,1.0666666666666669
36,2.0166666666666666,2.8666666666666667
37,0.9666666666666668,1.2666666666666666
38,0.0,0.0
39,2.9,1.3833333333333333
40,4.516666666666667,4.366666666666666
41,3.1166666666666667,0.0
42,0.16666666666666666,0.0
43,0.4166666666666667,0.2
44,2.1333333333333333,0.5333333333333333
45,0.7833333333333333,0.13333333333333333
46,4.283333333333333,3.433333333333333
47,0.13333333333333333,0.4166666666666667
48,0.03333333333333333,0.03333333333333333
49,0.0,0.0
50,2.4,0.9
51,1.8,0.85
52,1.4666666666666666,0.5666666666666667
53,0.0,0.15
54,1.9666666666666663,10.366666666666667
55,2.533333333333333,0.85
56,0.0,0.03333333333333333
57,0.3333333333333333,0.4166666666666667
58,0.35,2.683333333333333
59,1.4166666666666667,1.4666666666666666
60,0.3,0.36666666666666653
61,1.5333333333333334,1.7833333333333334
62,1.2166666666666666,1.5
63,5.366666666666666,6.283333333333332
64,2.25,0.06666666666666668
65,1.6,1.8
66,4.583333333333333,18.916666666666668
67,0.7833333333333333,9.0
68,0.0,2.45
69,0.0,0.016666666666666666
70,0.2833333333333333,1.9
71,0.05,11.05
72,1.9833333333333332,8.3
73,0.016666666666666666,0.08333333333333333
74,0.0,0.06666666666666668
75,21.6,15.616666666666667
76,29.66666666666667,22.25
77,24.5,16.1
78,21.08333333333333,15.4
79,17.75,16.316666666666666
80,1.5666666666666669,1.85
81,3.4,5.566666666666666
82,5.95,5.266666666666667
83,2.1166666666666667,4.3
84,0.03333333333333333,0.21666666666666667
85,0.7333333333333333,1.1333333333333333
86,2.333333333333333,0.06666666666666668
87,0.0,0.0
88,1.0666666666666669,0.6666666666666666
89,0.31666666666666665,0.7166666666666667
90,0.016666666666666666,1.1333333333333333
91,0.9,1.6833333333333331
92,2.75,0.18333333333333326
93,0.6666666666666666,0.7166666666666667
94,0.2333333333333333,0.2833333333333333
95,1.7166666666666666,2.3
96,0.7333333333333333,0.6833333333333333
97,0.016666666666666666,0.43333333333333335
98,0.8333333333333334,1.7166666666666666
99,0.0,0.016666666666666666
100,0.06666666666666668,0.0
101,0.0,0.0
102,0.0,0.0
103,0.0,0.05
104,1.5666666666666669,0.9
105,0.0,0.0
106,0.0,0.0
107,0.0,0.0
108,0.5833333333333334,0.0
109,5.133333333333334,4.333333333333333
110,6.083333333333332,4.616666666666666
111,5.266666666666667,5.233333333333333
112,4.233333333333333,5.183333333333334
113,1.0833333333333333,2.3833333333333333
114,6.416666666666668,5.683333333333334
115,0.9,0.95
116,0.5,0.03333333333333333
117,1.85,0.08333333333333333
118,0.06666666666666668,0.0
119,5.383333333333334,2.6666666666666665
120,4.716666666666667,2.45
121,9.683333333333334,8.283333333333333
122,0.03333333333333333,0.0
123,0.0,0.0
124,0.0,0.0
125,0.15,0.2
126,2.0166666666666666,0.7333333333333333
127,2.0,2.5
128,0.06666666666666668,0.18333333333333326
129,0.0,0.08333333333333333
130,0.0,0.16666666666666666
131,0.6,1.5166666666666666
132,4.15,4.566666666666666
133,0.95,0.7166666666666667
134,0.0,0.0
135,0.4666666666666667,2.2333333333333334
136,0.43333333333333335,2.4833333333333334
137,1.1666666666666667,3.633333333333333
138,7.716666666666668,7.2333333333333325
139,1.7,1.45
140,0.11666666666666667,0.016666666666666666
141,0.0,0.0
142,0.0,0.03333333333333333
143,0.0,0.03333333333333333
144,0.11666666666666667,0.08333333333333333
145,4.5,0.1
146,1.2333333333333334,0.2
147,1.4166666666666667,0.2
148,3.3666666666666667,1.3
149,0.6,0.0
150,0.2833333333333333,0.0
151,32.98333333333333,0.85
152,20.916666666666668,0.35
153,1.9,1.3833333333333333
154,1.4,1.9666666666666663
155,6.116666666666666,1.9
156,1.9833333333333332,2.7333333333333334
157,1.3166666666666669,0.03333333333333333
158,0.36666666666666653,0.0
159,0.7333333333333333,0.0
160,0.03333333333333333,0.0
161,0.18333333333333326,0.0
162,0.4,0.0
163,1.0166666666666666,0.0
164,9.216666666666667,3.2
165,2.2666666666666666,0.8333333333333334
166,3.816666666666667,1.4333333333333331
167,1.15,1.1333333333333333
168,1.1,0.5666666666666667
169,2.2,2.6333333333333333
170,0.4833333333333333,0.4833333333333333
171,3.5166666666666666,0.2
172,2.466666666666667,2.55
173,2.316666666666667,0.5333333333333333
174,0.2833333333333333,0.2
175,0.2333333333333333,0.0
176,0.0,0.0
177,1.35,0.1
178,0.03333333333333333,0.016666666666666666
179,0.4666666666666667,0.25
180,0.0,0.0
181,0.0,0.0
182,0.0,0.016666666666666666
183,6.05,1.9166666666666667
184,7.933333333333334,5.033333333333333
185,3.5166666666666666,4.85
186,0.3333333333333333,1.15
187,0.35,0.7166666666666667
188,2.05,0.6833333333333333
189,0.9333333333333332,1.9333333333333331
190,6.416666666666668,3.8666666666666663
191,10.966666666666667,5.716666666666668
192,14.8,5.916666666666668
193,9.983333333333333,2.9166666666666665
194,9.95,4.5
195,14.033333333333333,3.8
196,13.016666666666667,5.216666666666667
197,10.066666666666666,4.233333333333333
198,13.533333333333333,3.8333333333333335
199,10.883333333333333,2.1333333333333333
200,8.866666666666667,1.9333333333333331
201,11.066666666666665,2.8666666666666667
202,13.05,3.583333333333333
203,6.966666666666668,2.1
204,7.5,2.9
205,9.05,2.85
206,6.966666666666668,4.45
207,4.116666666666666,3.35
208,0.18333333333333326,0.016666666666666666
209,4.933333333333334,1.0
210,2.0,0.43333333333333335
211,2.05,1.2
212,4.433333333333334,3.316666666666667
213,1.0333333333333334,0.6666666666666666
214,3.9166666666666665,4.083333333333333
215,0.016666666666666666,0.11666666666666667
216,1.2166666666666666,2.1
217,4.9,6.783333333333332
218,2.1166666666666667,1.4333333333333331
219,0.03333333333333333,0.15
220,0.75,1.5666666666666669
221,0.03333333333333333,0.0
222,0.016666666666666666,0.5833333333333334
223,0.36666666666666653,1.1333333333333333
224,3.216666666666667,10.666666666666666
225,3.433333333333333,9.716666666666667
226,7.533333333333332,7.0166666666666675
227,2.7333333333333334,2.833333333333333
228,11.9,16.9
229,7.5166666666666675,15.833333333333336
230,5.05,7.216666666666668
231,4.883333333333334,15.483333333333333
232,6.95,13.533333333333333
233,8.55,7.7333333333333325
234,7.95,5.85
235,1.5166666666666666,2.816666666666667
236,4.283333333333333,1.0333333333333334
237,2.25,2.3833333333333333
238,4.45,1.7333333333333334
239,1.5833333333333333,0.45
240,0.05,1.35
241,0.16666666666666666,0.016666666666666666
242,1.85,1.6666666666666667
243,2.3,3.6
244,1.7833333333333334,6.15
245,1.1166666666666667,0.13333333333333333
246,1.0666666666666669,0.25
247,1.6166666666666667,2.083333333333333
248,2.0166666666666666,2.2
249,1.8666666666666667,2.8
250,1.7,1.15
251,7.9,6.8
252,1.65,0.95
253,0.0,0.016666666666666666
254,0.016666666666666666,0.15
255,0.6166666666666667,0.43333333333333335
256,2.8,0.7666666666666667
257,3.2,3.2
258,0.13333333333333333,0.1
259,0.03333333333333333,0.0
260,0.0,0.03333333333333333
261,3.566666666666667,2.833333333333333
262,2.583333333333333,2.6
263,2.85,2.95
264,0.8,0.4666666666666667
265,0.8166666666666667,0.25
266,0.65,0.16666666666666666
267,0.3,0.3
268,0.7,0.5833333333333334
269,1.9166666666666667,1.3166666666666669
270,11.75,10.166666666666666
271,1.2666666666666666,0.5333333333333333
272,4.35,0.03333333333333333
273,0.03333333333333333,0.0
274,1.2,0.016666666666666666
275,0.4666666666666667,0.0
276,0.5166666666666667,0.0
277,0.6333333333333333,0.06666666666666668
278,1.5,0.9
279,0.43333333333333335,0.03333333333333333
280,4.116666666666666,5.366666666666666
281,4.883333333333334,5.966666666666668
282,2.3,3.8
283,2.4,1.2166666666666666
284,3.95,1.9833333333333332
285,6.166666666666668,6.433333333333334
286,0.65,0.8333333333333334
287,3.8,6.633333333333334
288,0.8166666666666667,0.85
289,0.26666666666666666,0.05
290,1.2666666666666666,1.1666666666666667
291,2.066666666666667,0.4666666666666667
292,1.3833333333333333,1.3833333333333333
293,1.7,0.4833333333333333
294,5.233333333333333,0.4
295,1.3166666666666669,2.05
296,3.183333333333333,3.216666666666667
297,3.4166666666666665,3.05
298,1.4833333333333334,7.1
299,5.916666666666668,7.2
300,2.466666666666667,2.1
301,1.1333333333333333,1.75
302,0.36666666666666653,0.2
303,0.36666666666666653,1.75
304,0.5166666666666667,5.583333333333332
305,1.7166666666666666,0.15
306,0.16666666666666666,1.9166666666666667
307,0.38333333333333336,0.75
308,0.9666666666666668,1.0166666666666666
309,1.3333333333333333,0.4833333333333333
310,3.6166666666666663,5.083333333333333
311,0.05,0.06666666666666668
312,2.683333333333333,3.1666666666666665
313,0.26666666666666666,0.0
314,3.95,3.066666666666667
315,0.9166666666666666,0.5833333333333334
316,8.7,4.383333333333334
317,3.3833333333333333,0.06666666666666668
318,0.06666666666666668,0.0
319,0.4833333333333333,0.03333333333333333
320,5.683333333333334,4.983333333333333
321,0.15,
322,0.9666666666666668,0.5833333333333334
323,0.5333333333333333,1.35
324,4.95,1.7166666666666666
325,2.55,0.05
326,0.36666666666666653,0.016666666666666666
327,0.35,0.05
328,0.5833333333333334,0.7166666666666667
329,0.3,0.7833333333333333
330,0.6666666666666666,0.31666666666666665
331,3.1333333333333333,6.2666666666666675
332,4.7,0.65
333,0.5833333333333334,0.05
334,0.03333333333333333,0.03333333333333333
335,0.06666666666666668,0.016666666666666666
336,0.2,1.4166666666666667
337,0.1,0.6333333333333333
338,1.0166666666666666,1.25
339,2.3833333333333333,4.35
340,0.5166666666666667,0.6333333333333333
341,2.333333333333333,3.466666666666667
342,0.6166666666666667,4.433333333333334
343,0.21666666666666667,0.18333333333333326
344,0.2,0.2
345,0.13333333333333333,0.03333333333333333
346,0.0,0.0
347,0.016666666666666666,0.11666666666666667
348,0.016666666666666666,0.016666666666666666
349,0.0,0.2
350,5.566666666666666,7.383333333333334
351,3.9166666666666665,0.65
352,1.15,15.85
353,1.2333333333333334,1.45
354,2.3,8.833333333333334
355,1.55,1.5166666666666666
356,3.633333333333333,5.033333333333333
357,7.15,6.2666666666666675
358,2.1666666666666665,2.1333333333333333
359,0.4166666666666667,0.5833333333333334
360,4.65,5.1
361,4.0,4.583333333333333
362,4.933333333333334,6.4
363,1.05,1.2166666666666666
364,0.0,0.0
365,0.016666666666666666,0.18333333333333326
366,0.08333333333333333,0.25
367,2.05,1.4666666666666666
368,0.8,0.9166666666666666
369,0.9333333333333332,2.4166666666666665
370,1.75,2.433333333333333
371,4.05,5.633333333333334
372,3.733333333333333,12.483333333333333
373,1.2833333333333334,4.366666666666666
374,1.0666666666666669,1.2166666666666666
375,3.5166666666666666,0.8833333333333333
376,0.25,0.3333333333333333
377,0.0,0.0
378,0.0,0.0
379,0.0,0.0
380,0.0,0.0
381,0.016666666666666666,0.3333333333333333
382,0.0,5.583333333333332
383,5.683333333333334,7.283333333333332
384,0.0,0.0
385,0.016666666666666666,0.016666666666666666
386,0.016666666666666666,0.85
387,0.31666666666666665,1.4166666666666667
388,1.4333333333333331,3.1
389,0.8333333333333334,2.066666666666667
390,2.066666666666667,2.583333333333333
391,2.183333333333333,4.333333333333333
392,0.2833333333333333,0.0
393,0.3,0.1
394,0.65,0.26666666666666666
395,0.5166666666666667,2.2333333333333334
396,2.0,1.7333333333333334
397,1.05,1.1833333333333331
398,2.966666666666667,0.7666666666666667
399,2.3666666666666667,0.31666666666666665
400,0.35,0.5333333333333333
401,1.1166666666666667,4.783333333333333
402,0.16666666666666666,0.25
403,0.0,0.05
404,0.0,0.0
405,0.0,0.0
406,0.016666666666666666,0.05
407,2.35,2.15
408,0.03333333333333333,0.0
409,0.4,0.25
410,0.18333333333333326,0.7
411,0.6,1.3833333333333333
412,0.6,0.26666666666666666
413,8.916666666666666,10.483333333333333
414,5.883333333333334,6.45
415,3.933333333333333,4.466666666666667
416,0.6333333333333333,1.05
417,0.85,1.5833333333333333
418,5.55,0.25
419,2.7666666666666666,1.9
420,2.833333333333333,2.7333333333333334
421,5.5,7.533333333333332
422,3.2333333333333334,4.05
423,10.9,5.7666666666666675
424,11.5,8.683333333333334
425,2.6666666666666665,4.533333333333333
426,9.933333333333334,4.9
427,2.683333333333333,1.85
428,0.3333333333333333,0.26666666666666666
429,1.6,1.8166666666666669
430,0.26666666666666666,1.65
431,0.55,0.25
432,3.1166666666666667,1.0
433,0.55,0.7333333333333333
434,0.2,0.15
435,0.6166666666666667,0.4666666666666667
436,0.0,0.16666666666666666
437,1.7,2.3833333333333333
438,2.033333333333333,0.0
439,0.0,0.0
440,0.0,0.0
441,0.0,0.0
442,0.0,0.0
443,0.0,0.0
444,0.0,0.0
445,0.0,0.0
446,0.016666666666666666,0.0
447,0.0,0.0
448,0.03333333333333333,0.5666666666666667
449,0.13333333333333333,0.0
450,0.13333333333333333,2.2666666666666666
451,4.966666666666667,8.4
452,1.8,1.2666666666666666
453,0.0,0.15
454,2.466666666666667,1.9833333333333332
455,3.2,4.6
456,7.216666666666668,7.183333333333334
457,2.433333333333333,2.15
458,0.1,0.25
459,2.35,3.1166666666666667
460,0.8666666666666667,2.3833333333333333
461,0.0,0.31666666666666665
462,2.933333333333333,0.8833333333333333
463,4.95,1.7333333333333334
464,0.0,0.016666666666666666
465,0.016666666666666666,0.0
466,0.0,0.0
467,0.1,0.2
468,0.016666666666666666,0.15
469,2.0,10.733333333333333
470,5.05,5.95
471,5.466666666666668,8.883333333333333
472,2.25,6.116666666666666
473,0.2833333333333333,3.8
474,0.15,3.0166666666666666
475,4.2,7.833333333333332
476,7.216666666666668,9.833333333333334
477,9.45,9.983333333333333
478,7.133333333333334,7.183333333333334
479,4.25,0.55
480,4.0,0.9166666666666666
481,39.55,21.116666666666667
482,39.65,24.03333333333333
483,32.61666666666667,16.983333333333334
484,19.0,11.65
485,14.016666666666667,14.8
486,0.5166666666666667,0.3
487,0.95,1.2833333333333334
488,0.5666666666666667,1.2166666666666666
489,3.933333333333333,4.566666666666666
490,0.5,0.7166666666666667
491,0.21666666666666667,0.03333333333333333
492,0.06666666666666668,0.0
493,0.2833333333333333,0.0
494,7.5166666666666675,5.366666666666666
495,3.433333333333333,3.75
496,0.18333333333333326,0.03333333333333333
497,0.08333333333333333,0.06666666666666668
498,0.0,0.06666666666666668
499,0.0,0.0
500,0.06666666666666668,0.016666666666666666
501,0.06666666666666668,0.0
502,0.0,0.016666666666666666
503,0.08333333333333333,0.1
504,1.25,2.25
505,1.0833333333333333,1.0166666666666666
506,1.3666666666666667,0.2833333333333333
507,4.583333333333333,0.21666666666666667
508,0.11666666666666667,0.03333333333333333
509,0.8166666666666667,0.15
510,0.16666666666666666,0.016666666666666666
511,1.0833333333333333,0.03333333333333333
512,0.6,0.03333333333333333
513,1.1833333333333331,0.36666666666666653
514,3.466666666666667,4.25
515,1.25,0.31666666666666665
516,0.36666666666666653,6.033333333333332
517,1.6,2.65
518,12.283333333333333,15.116666666666667
519,5.9833333333333325,1.6333333333333333
520,3.783333333333333,0.65
521,0.5166666666666667,0.0
522,0.6,0.4166666666666667
523,0.5833333333333334,0.36666666666666653
524,3.1,3.8
525,0.2333333333333333,0.16666666666666666
526,0.03333333333333333,0.45
527,2.65,2.1166666666666667
528,4.416666666666667,4.216666666666667
529,1.2166666666666666,1.5
530,1.8333333333333333,5.366666666666666
531,0.4666666666666667,1.3166666666666669
532,3.55,0.21666666666666667
533,2.2,0.016666666666666666
534,0.15,0.0
535,0.7,0.016666666666666666
536,0.26666666666666666,0.0
537,0.08333333333333333,0.13333333333333333
538,1.0666666666666669,5.883333333333334
539,3.883333333333333,5.4833333333333325
540,0.65,1.0666666666666669
541,0.5166666666666667,0.3333333333333333
542,0.8666666666666667,0.4666666666666667
543,3.4166666666666665,4.05
544,5.833333333333332,7.833333333333332
545,1.3,2.1
546,1.15,2.8833333333333333
547,0.7333333333333333,2.5166666666666666
548,5.6,3.35
549,9.066666666666666,5.266666666666667
550,13.916666666666664,4.65
551,12.816666666666665,3.0166666666666666
552,8.883333333333333,3.6166666666666663
553,17.433333333333334,5.633333333333334
554,9.2,2.85
555,11.833333333333336,3.1666666666666665
556,10.883333333333333,4.15
557,7.133333333333334,2.1666666666666665
558,8.116666666666667,3.183333333333333
559,13.233333333333333,4.716666666666667
560,11.333333333333336,2.683333333333333
561,11.416666666666664,3.45
562,12.45,4.616666666666666
563,12.166666666666664,4.933333333333334
564,6.55,6.6
565,7.333333333333332,6.683333333333334
566,0.5833333333333334,2.583333333333333
567,1.0166666666666666,3.566666666666667
568,4.95,1.45
569,1.6166666666666667,0.5333333333333333
570,2.183333333333333,1.6
571,3.066666666666667,4.433333333333334
572,0.55,0.7333333333333333
573,3.9,4.083333333333333
574,2.45,3.4166666666666665
575,0.95,2.433333333333333
576,0.5833333333333334,3.816666666666667
577,1.9166666666666667,1.95
578,0.13333333333333333,1.1166666666666667
579,3.25,4.133333333333334
580,7.0166666666666675,3.3833333333333333
581,2.283333333333333,3.033333333333333
582,5.066666666666666,0.11666666666666667
583,0.4833333333333333,0.13333333333333333
584,0.8833333333333333,1.0
585,0.016666666666666666,0.03333333333333333
586,0.03333333333333333,0.0
587,0.0,0.0
588,0.0,0.0
589,0.0,0.0
590,0.0,0.26666666666666666
591,0.016666666666666666,0.0
592,0.0,0.0
593,0.1,0.13333333333333333
594,0.15,0.18333333333333326
595,3.1333333333333333,3.85
596,1.0166666666666666,0.31666666666666665
597,3.3833333333333333,4.05
598,3.533333333333333,3.333333333333333
599,2.533333333333333,3.733333333333333
600,1.6666666666666667,2.45
601,1.1,0.13333333333333333
602,0.25,0.03333333333333333
603,3.9166666666666665,6.5
604,0.8333333333333334,0.7
605,0.8833333333333333,0.6833333333333333
606,8.833333333333334,5.133333333333334
607,2.833333333333333,4.133333333333334
608,0.6166666666666667,2.7
609,0.7,1.9166666666666667
610,0.36666666666666653,0.4
611,0.3333333333333333,0.03333333333333333
612,6.25,5.616666666666666
613,3.2333333333333334,1.8833333333333333
614,1.8166666666666669,0.5833333333333334
615,2.7666666666666666,2.3
616,6.35,4.783333333333333
617,1.9333333333333331,1.4333333333333331
618,1.2833333333333334,1.9666666666666663
619,0.36666666666666653,1.9166666666666667
620,0.15,1.0166666666666666
621,3.15,0.43333333333333335
622,3.9166666666666665,4.183333333333334
623,0.95,4.266666666666667
624,0.4666666666666667,0.75
625,2.45,2.8666666666666667
626,4.066666666666666,0.15
627,4.316666666666666,0.03333333333333333
628,0.31666666666666665,0.4166666666666667
629,2.95,3.183333333333333
630,3.55,4.8
631,5.016666666666667,4.3
632,0.13333333333333333,0.06666666666666668
633,3.8666666666666663,2.9166666666666665
634,0.2333333333333333,0.13333333333333333
635,0.05,0.05
636,4.816666666666666,5.466666666666668
637,7.25,3.65
638,2.1166666666666667,0.6666666666666666
639,1.35,1.0333333333333334
640,3.783333333333333,0.2833333333333333
641,3.35,7.8
642,1.2166666666666666,4.533333333333333
643,1.4833333333333334,1.0
644,0.0,0.1
645,0.0,0.016666666666666666
646,6.75,7.333333333333332
647,0.6333333333333333,1.1
648,0.6833333333333333,1.6666666666666667
649,2.75,4.616666666666666
650,0.9333333333333332,2.05
651,0.15,0.0
652,1.8666666666666667,5.0
653,0.6666666666666666,1.55
654,2.4,2.85
655,1.5833333333333333,3.1
656,0.0,0.0
657,6.033333333333332,3.25
658,6.5,1.1833333333333331
659,13.566666666666665,2.283333333333333
660,17.95,8.6
661,31.43333333333333,19.183333333333334
662,35.016666666666666,22.066666666666666
663,31.95,14.45
664,32.0,18.933333333333334
665,16.966666666666665,12.75
666,14.666666666666664,8.066666666666666
667,17.416666666666668,9.5
668,12.433333333333335,7.2333333333333325
669,21.75,4.583333333333333
670,22.9,12.55
671,13.05,4.466666666666667
672,18.016666666666666,11.733333333333333
673,6.133333333333334,4.183333333333334
674,6.3,7.433333333333334
675,0.5166666666666667,0.75
676,0.7166666666666667,0.7166666666666667
677,4.5,1.75
678,4.3,4.566666666666666
679,6.066666666666666,8.25
680,2.033333333333333,2.9166666666666665
681,1.35,1.5166666666666666
682,4.45,12.533333333333333
683,3.433333333333333,13.05
684,5.6,11.55
685,6.816666666666666,20.45
686,5.233333333333333,12.2
687,1.8666666666666667,5.816666666666666
688,1.3333333333333333,4.433333333333334
689,9.616666666666667,13.566666666666665
690,1.95,9.666666666666666
691,2.55,7.116666666666666
692,3.983333333333333,10.266666666666667
693,2.35,4.933333333333334
694,0.31666666666666665,1.7833333333333334
695,0.25,2.25
696,5.7666666666666675,4.733333333333333
697,7.8,20.05
698,3.75,12.966666666666667
699,1.4833333333333334,2.566666666666667
700,2.25,10.583333333333334
701,1.5,4.0
702,1.6,7.9833333333333325
703,2.716666666666667,3.1166666666666667
704,1.6166666666666667,2.1
705,1.95,11.483333333333333
706,4.766666666666667,10.516666666666667
707,3.35,0.4833333333333333
708,1.3833333333333333,0.1
709,5.916666666666668,16.833333333333332
710,1.8833333333333333,8.1
711,0.18333333333333326,3.65
712,1.5666666666666669,6.0
713,0.38333333333333336,10.283333333333333
714,0.7,9.766666666666667
715,0.2,2.783333333333333
716,1.2666666666666666,9.0
717,1.0166666666666666,14.183333333333335
718,1.7833333333333334,14.1
719,0.016666666666666666,0.8333333333333334
720,0.0,0.3
721,0.0,0.65
722,0.0,0.0
723,1.7333333333333334,9.933333333333334
724,4.9,18.166666666666668
725,0.4833333333333333,1.4
726,0.0,1.1
727,0.08333333333333333,7.9833333333333325
728,2.216666666666667,3.966666666666667
729,3.783333333333333,1.0166666666666666
730,3.966666666666667,0.9
731,2.5,2.2666666666666666
732,1.8,2.566666666666667
733,0.55,9.683333333333334
734,0.5833333333333334,1.4666666666666666
735,5.933333333333334,9.0
736,2.0166666666666666,18.78333333333333
737,7.95,15.833333333333336
738,4.766666666666667,11.5
739,2.45,7.533333333333332
740,9.95,12.4
741,0.8833333333333333,2.05
742,1.15,10.5
743,2.3,6.2666666666666675
744,6.333333333333332,8.65
745,0.55,7.5
746,0.2833333333333333,9.516666666666667
747,0.0,21.133333333333333
748,0.0,14.966666666666667
749,1.1666666666666667,10.116666666666667
750,0.25,18.78333333333333
751,0.1,0.08333333333333333
752,0.2,1.6333333333333333
753,3.433333333333333,2.216666666666667
754,1.8166666666666669,2.3833333333333333
755,1.0166666666666666,0.8333333333333334
756,2.083333333333333,6.283333333333332
757,4.2,12.9
758,3.0166666666666666,6.4
759,6.333333333333332,11.333333333333336
760,5.416666666666668,13.6
761,4.016666666666667,12.6
762,3.183333333333333,9.716666666666667
763,0.5,4.533333333333333
764,3.283333333333333,5.116666666666666
765,0.65,2.35
766,2.3666666666666667,0.2
767,1.05,1.4166666666666667
768,2.033333333333333,6.783333333333332
769,0.05,4.35
770,0.21666666666666667,2.066666666666667
771,1.25,8.516666666666667
772,7.85,12.9
773,0.7166666666666667,1.4833333333333334
774,1.6,3.633333333333333
775,3.933333333333333,1.6833333333333331
776,2.816666666666667,0.75
777,1.6166666666666667,0.9333333333333332
778,1.65,0.3
779,3.216666666666667,0.45
780,1.4166666666666667,1.35
781,1.5333333333333334,4.883333333333334
782,0.8333333333333334,4.216666666666667
783,2.8666666666666667,6.7666666666666675
784,8.55,14.933333333333335
785,3.333333333333333,11.066666666666665
786,35.916666666666664,39.16666666666666
787,21.9,35.78333333333333
788,38.48333333333333,50.81666666666667
789,25.216666666666665,42.91666666666666
790,26.05,50.96666666666667
791,5.116666666666666,11.833333333333336
792,7.05,15.966666666666667
793,2.9166666666666665,18.6
794,2.25,11.316666666666665
795,6.466666666666668,15.15
796,0.3333333333333333,1.2
797,2.65,8.833333333333334
798,1.2666666666666666,13.733333333333333
799,5.283333333333333,14.083333333333336
800,0.03333333333333333,0.85
801,0.75,2.9
802,12.383333333333333,12.683333333333335
803,11.066666666666665,13.65
804,10.15,24.78333333333333
805,2.6333333333333333,22.73333333333333
806,0.25,38.73333333333333
807,13.733333333333333,17.433333333333334
808,3.283333333333333,13.95
809,4.116666666666666,8.116666666666667
810,0.016666666666666666,2.45
811,0.11666666666666667,0.6833333333333333
812,0.5333333333333333,2.3833333333333333
813,4.466666666666667,1.0333333333333334
814,2.533333333333333,1.1166666666666667
815,1.5,13.25
816,0.4833333333333333,13.7
817,14.016666666666667,29.95
818,2.3,23.18333333333333
819,14.033333333333333,26.68333333333333
820,5.616666666666666,15.683333333333335
821,13.5,25.78333333333333
822,6.116666666666666,14.466666666666667
823,2.566666666666667,7.566666666666666
824,3.433333333333333,7.0
825,2.9833333333333334,6.866666666666666
826,9.233333333333333,11.483333333333333
827,2.533333333333333,26.45
828,3.466666666666667,23.8
829,5.433333333333334,8.65
830,4.816666666666666,10.2
831,3.8,14.666666666666664
832,4.066666666666666,8.333333333333334
833,3.783333333333333,12.566666666666665
834,8.85,27.016666666666666
835,2.083333333333333,6.416666666666668
836,0.9166666666666666,11.283333333333333
837,3.566666666666667,1.1666666666666667
838,0.4833333333333333,2.4166666666666665
839,4.433333333333334,11.066666666666665
840,2.3833333333333333,8.0
841,8.333333333333334,10.166666666666666
842,15.95,11.2
843,8.833333333333334,10.4
844,14.0,11.066666666666665
845,6.966666666666668,8.383333333333333
846,12.816666666666665,10.5
847,13.4,11.366666666666667
848,8.583333333333334,4.366666666666666
849,9.15,9.266666666666667
850,16.166666666666668,10.966666666666667
851,13.65,10.416666666666666
852,8.333333333333334,4.45
853,19.733333333333334,9.45
854,6.55,7.833333333333332
855,7.683333333333334,8.1
856,8.05,5.833333333333332
857,6.616666666666666,7.5166666666666675
858,7.866666666666666,15.616666666666667
859,3.2333333333333334,8.016666666666667
860,0.6,3.65
861,1.3166666666666669,0.8
862,6.583333333333332,2.1666666666666665
863,1.9,0.5166666666666667
864,3.3833333333333333,3.75
865,2.75,1.3
866,2.083333333333333,1.6166666666666667
867,2.566666666666667,4.45
868,1.1666666666666667,0.4666666666666667
869,3.333333333333333,1.1333333333333333
870,31.566666666666666,5.05
871,50.78333333333333,0.0
872,31.4,6.2
873,0.0,0.0
874,7.333333333333332,1.1166666666666667
875,0.016666666666666666,0.0
876,2.333333333333333,1.4
877,0.03333333333333333,0.05
878,0.0,0.0
879,0.0,0.35
880,0.0,0.03333333333333333
881,0.0,0.3
882,2.6666666666666665,3.433333333333333
883,8.0,14.216666666666667
884,2.7333333333333334,0.7166666666666667
885,1.5333333333333334,4.783333333333333
886,6.75,14.25
887,1.6833333333333331,8.583333333333334
888,0.6,6.85
889,0.6,40.55
890,1.2333333333333334,63.16666666666666
891,4.316666666666666,1.2166666666666666
892,3.5166666666666666,2.433333333333333
893,0.36666666666666653,22.33333333333333
894,7.066666666666666,17.416666666666668
895,12.6,15.183333333333335
896,8.633333333333333,16.316666666666666
897,13.216666666666667,13.766666666666667
898,12.283333333333333,17.233333333333334
899,11.633333333333333,16.6
900,9.833333333333334,11.933333333333335
901,10.116666666666667,12.616666666666667
902,12.733333333333333,14.9
903,13.483333333333333,16.383333333333333
904,11.9,14.85
905,14.55,16.4
906,15.55,16.0
907,13.483333333333333,18.9
908,13.983333333333333,12.133333333333333
909,16.0,12.45
910,14.233333333333333,14.2
911,14.416666666666664,13.983333333333333
912,8.883333333333333,7.85
913,1.2,0.06666666666666668
914,2.4833333333333334,0.35
915,3.75,0.7666666666666667
916,1.6833333333333331,0.2833333333333333
917,4.166666666666667,0.5833333333333334
918,2.05,1.15
919,3.5166666666666666,4.0
920,7.033333333333332,9.216666666666667
921,7.55,15.05
922,2.6333333333333333,4.083333333333333
923,4.383333333333334,7.033333333333332
924,4.4,1.95
925,4.033333333333333,4.683333333333334
926,2.3,0.18333333333333326
927,4.183333333333334,0.3
928,3.05,5.4
929,5.7666666666666675,9.066666666666666
930,1.5833333333333333,2.9
931,1.1,2.333333333333333
932,0.03333333333333333,1.2666666666666666
933,0.0,0.3
934,0.43333333333333335,4.033333333333333
935,0.0,0.016666666666666666
936,0.0,0.016666666666666666
937,0.0,0.0
938,1.3166666666666669,0.9
939,0.1,0.016666666666666666
940,0.0,0.0
941,0.5,0.016666666666666666
942,0.0,0.0
943,2.533333333333333,11.833333333333336
944,13.483333333333333,14.816666666666665
945,23.316666666666666,29.61666666666667
946,13.3,21.566666666666666
947,11.65,28.75
948,7.4,13.15
949,18.866666666666667,29.78333333333333
950,25.11666666666667,31.11666666666667
951,23.11666666666667,38.03333333333333
952,31.03333333333333,50.2
953,21.63333333333333,43.08333333333334
954,7.1,9.066666666666666
955,1.0833333333333333,0.31666666666666665
956,2.55,0.6
957,1.8166666666666669,0.26666666666666666
958,2.066666666666667,2.55
959,1.7166666666666666,6.066666666666666
960,5.0,11.4
961,0.5333333333333333,2.0166666666666666
962,1.8666666666666667,1.9333333333333331
963,4.666666666666667,0.31666666666666665
964,4.966666666666667,0.65
965,2.45,4.516666666666667
966,1.6666666666666667,1.0333333333333334
967,0.55,1.7
968,0.8333333333333334,3.2
969,0.06666666666666668,0.31666666666666665
970,0.0,0.06666666666666668
971,0.2833333333333333,3.1166666666666667
972,0.0,0.16666666666666666
973,4.2,6.783333333333332
974,2.4166666666666665,1.3333333333333333
975,0.8166666666666667,8.216666666666667
976,0.0,0.5166666666666667
977,0.0,0.03333333333333333
978,0.1,4.35
979,1.1,36.31666666666667
980,0.0,11.516666666666667
981,3.2333333333333334,1.9333333333333331
982,2.0166666666666666,4.416666666666667
983,7.216666666666668,12.95
984,0.4666666666666667,4.15
985,0.2833333333333333,1.6333333333333333
986,2.966666666666667,7.866666666666666
987,2.783333333333333,16.616666666666667
988,3.3,11.266666666666667
989,2.4166666666666665,4.233333333333333
990,0.55,0.4833333333333333
991,0.9666666666666668,2.55
992,0.03333333333333333,3.566666666666667
993,2.433333333333333,5.816666666666666
994,0.25,0.9
995,4.083333333333333,2.1333333333333333
996,0.4166666666666667,14.516666666666667
997,0.75,15.433333333333335
998,0.0,0.5166666666666667
999,1.6833333333333331,8.016666666666667
1000,0.3,1.95
1001,0.15,3.183333333333333
1002,0.016666666666666666,11.533333333333333
1003,1.1333333333333333,6.466666666666668
1004,1.05,6.133333333333334
1005,4.683333333333334,4.466666666666667
1006,5.15,0.18333333333333326
1007,4.933333333333334,3.35
1008,0.95,0.3333333333333333
1009,5.15,6.6
1010,1.1833333333333331,1.4
1011,0.4666666666666667,9.566666666666666
1012,0.36666666666666653,0.85
1013,1.7666666666666666,5.0
1014,0.18333333333333326,0.65
1015,0.21666666666666667,0.8166666666666667
1016,0.4666666666666667,1.25
1017,0.45,4.816666666666666
1018,1.2833333333333334,3.316666666666667
1019,3.4166666666666665,1.85
1020,4.616666666666666,0.35
1021,2.25,0.26666666666666666
1022,3.6666666666666665,0.3
1023,2.3833333333333333,0.21666666666666667
1024,1.2666666666666666,0.5166666666666667
1025,5.1,9.883333333333333
1026,10.05,13.566666666666665
1027,0.21666666666666667,35.21666666666667
1028,20.316666666666666,34.166666666666664
1029,0.03333333333333333,4.566666666666666
1030,0.5,2.6166666666666667
1031,1.8333333333333333,0.2833333333333333
1032,0.0,0.43333333333333335
1033,0.0,0.0
1034,0.0,0.016666666666666666
1035,0.26666666666666666,0.2833333333333333
1036,0.55,0.13333333333333333
1037,2.083333333333333,0.16666666666666666
1038,0.13333333333333333,0.06666666666666668
1039,0.4166666666666667,0.13333333333333333
1040,0.36666666666666653,0.016666666666666666
1041,0.1,0.25
1042,0.03333333333333333,0.1
1043,0.36666666666666653,4.25
1044,0.11666666666666667,1.7166666666666666
1045,0.15,4.45
1046,0.18333333333333326,2.7666666666666666
1047,0.05,0.9
1048,0.05,1.2166666666666666
1049,0.05,0.36666666666666653
1050,0.0,2.6333333333333333
1051,0.0,0.5666666666666667
1052,0.0,0.0
1053,0.0,0.0
1054,0.0,0.65
1055,0.0,0.26666666666666666
1056,0.016666666666666666,1.3166666666666669
1057,0.31666666666666665,2.083333333333333
1058,0.8666666666666667,1.0833333333333333
1059,0.75,6.333333333333332
1060,0.4166666666666667,7.366666666666666
1061,0.7666666666666667,3.9
1062,0.55,8.016666666666667
1063,1.0166666666666666,8.716666666666667
1064,0.5666666666666667,32.93333333333333
1065,0.16666666666666666,21.85
1066,0.11666666666666667,4.316666666666666
1067,0.13333333333333333,3.1
1068,0.0,7.166666666666668
1069,0.0,0.8166666666666667
1070,0.0,0.5
1071,0.016666666666666666,0.6833333333333333
1072,0.08333333333333333,1.6833333333333331
1073,0.43333333333333335,2.1666666666666665
1074,0.2333333333333333,10.433333333333334
1075,4.8,12.966666666666667
1076,5.033333333333333,19.2
1077,2.3666666666666667,22.966666666666665
1078,3.45,13.5
1079,2.35,7.666666666666668
1080,3.433333333333333,9.266666666666667
1081,0.5833333333333334,5.8
1082,0.31666666666666665,0.26666666666666666
1083,1.6333333333333333,3.1666666666666665
1084,0.5,8.783333333333333
1085,0.03333333333333333,1.0
1086,0.3,6.8
1087,0.0,0.03333333333333333
1088,0.0,0.0
1089,0.0,0.18333333333333326
1090,0.0,0.03333333333333333
1091,0.0,0.5166666666666667
1092,0.016666666666666666,0.0
1093,0.36666666666666653,3.716666666666667
1094,1.9666666666666663,6.433333333333334
1095,2.6,23.75
1096,4.466666666666667,8.966666666666667
1097,2.066666666666667,21.166666666666668
1098,1.2166666666666666,14.333333333333336
1099,0.11666666666666667,1.2666666666666666
1100,0.25,9.533333333333333
1101,0.5,4.2
1102,1.1666666666666667,0.8166666666666667
1103,1.75,15.266666666666667
1104,0.03333333333333333,0.11666666666666667
1105,0.06666666666666668,0.26666666666666666
1106,0.05,1.95
1107,0.1,3.35
1108,0.26666666666666666,1.55
1109,2.7666666666666666,0.26666666666666666
1110,1.4666666666666666,1.6
1111,0.7833333333333333,17.25
1112,0.06666666666666668,0.13333333333333333
1113,0.05,0.11666666666666667
1114,0.03333333333333333,0.06666666666666668
1115,0.016666666666666666,0.1
1116,0.016666666666666666,0.08333333333333333
1117,0.016666666666666666,0.0
1118,0.0,0.016666666666666666
1119,0.38333333333333336,0.11666666666666667
1120,0.2,0.0
1121,0.5833333333333334,7.116666666666666
1122,0.5166666666666667,8.05
1123,0.43333333333333335,2.1166666666666667
1124,0.2833333333333333,0.6666666666666666
1125,0.25,0.9333333333333332
1126,0.13333333333333333,0.95
1127,0.1,2.2
1128,0.05,0.2333333333333333
1129,0.08333333333333333,15.633333333333333
1130,0.38333333333333336,14.1
1131,0.0,1.9
1132,0.4166666666666667,20.016666666666666
1133,1.0,16.433333333333334
1134,1.6333333333333333,12.8
1135,0.26666666666666666,3.5166666666666666
1136,0.016666666666666666,0.08333333333333333
1137,0.05,2.033333333333333
1138,0.0,3.9166666666666665
1139,0.8166666666666667,3.983333333333333
1140,0.1,47.55
1141,0.4166666666666667,20.85
1142,0.08333333333333333,3.7
1143,0.1,2.4166666666666665
1144,0.016666666666666666,3.683333333333333
1145,0.3,6.633333333333334
1146,1.3666666666666667,10.233333333333333
1147,2.1166666666666667,9.4
1148,4.0,4.15
1149,3.15,7.033333333333332
1150,2.8666666666666667,9.666666666666666
1151,3.05,9.233333333333333
1152,2.6333333333333333,5.216666666666667
1153,1.5666666666666669,9.883333333333333
1154,0.75,5.616666666666666
1155,2.6666666666666665,6.7666666666666675
1156,1.95,8.116666666666667
1157,2.7,7.833333333333332
1158,2.683333333333333,3.4833333333333334
1159,3.1333333333333333,5.083333333333333
1160,2.8833333333333333,6.55
1161,2.65,6.25
1162,1.3333333333333333,7.183333333333334
1163,1.7,8.366666666666667
1164,1.0833333333333333,5.316666666666666
1165,2.833333333333333,12.633333333333333
1166,0.8666666666666667,7.35
1167,0.4666666666666667,0.43333333333333335
1168,1.5666666666666669,1.5
1169,0.55,4.4
1170,0.43333333333333335,1.5666666666666669
1171,0.5666666666666667,5.616666666666666
1172,0.25,1.65
1173,0.0,19.183333333333334
1174,0.36666666666666653,32.63333333333333
1175,1.1333333333333333,1.0833333333333333
1176,2.25,0.6833333333333333
1177,0.1,10.016666666666667
1178,1.4,12.633333333333333
1179,0.2833333333333333,0.5333333333333333
1180,0.43333333333333335,6.366666666666666
1181,2.6,10.183333333333334
1182,2.65,12.066666666666665
1183,0.4666666666666667,1.2166666666666666
1184,0.75,13.116666666666667
1185,0.8166666666666667,1.4166666666666667
1186,0.45,0.6666666666666666
1187,0.06666666666666668,0.016666666666666666
1188,0.08333333333333333,1.4833333333333334
1189,2.05,6.866666666666666
1190,1.5833333333333333,9.1
1191,0.5666666666666667,2.8666666666666667
1192,1.1,8.0
1193,0.16666666666666666,2.3833333333333333
1194,0.016666666666666666,0.11666666666666667
1195,1.1,3.8
1196,0.08333333333333333,0.6166666666666667
1197,0.16666666666666666,0.4833333333333333
1198,0.75,3.25
1199,1.05,4.85
1200,0.016666666666666666,0.05
1201,0.08333333333333333,0.06666666666666668
1202,0.03333333333333333,0.36666666666666653
1203,0.016666666666666666,0.21666666666666667
1204,0.016666666666666666,0.016666666666666666
1205,0.0,0.11666666666666667
1206,0.0,0.1
1207,0.06666666666666668,0.21666666666666667
1208,0.1,0.4
1209,0.0,2.1333333333333333
1210,0.21666666666666667,20.95
1211,0.21666666666666667,1.7833333333333334
1212,0.0,1.0
1213,0.0,0.18333333333333326
1214,0.016666666666666666,1.5166666666666666
1215,2.1666666666666665,5.05
1216,0.5166666666666667,3.983333333333333
1217,0.8166666666666667,1.5166666666666666
1218,0.0,0.31666666666666665
1219,1.9,9.1
1220,1.15,3.783333333333333
1221,0.6666666666666666,0.9166666666666666
1222,2.466666666666667,9.283333333333333
1223,0.36666666666666653,3.3
1224,0.016666666666666666,0.38333333333333336
1225,2.15,1.2
1226,1.8666666666666667,5.216666666666667
1227,0.08333333333333333,5.4833333333333325
1228,0.0,0.26666666666666666
1229,0.25,3.8
1230,2.3833333333333333,12.133333333333333
1231,0.03333333333333333,0.8166666666666667
1232,0.8833333333333333,10.633333333333333
1233,0.15,0.9166666666666666
1234,0.03333333333333333,2.45
1235,0.2333333333333333,1.4
1236,0.8333333333333334,0.4166666666666667
1237,0.38333333333333336,6.466666666666668
1238,1.0166666666666666,9.366666666666667
1239,0.6166666666666667,8.6
1240,0.55,6.95
1241,0.7,24.0
1242,2.0166666666666666,14.683333333333335
1243,0.25,10.183333333333334
1244,0.16666666666666666,6.966666666666668
1245,0.8333333333333334,7.5166666666666675
1246,0.15,2.966666666666667
1247,0.25,1.9
1248,0.13333333333333333,7.566666666666666
1249,1.05,8.8
1250,1.95,8.583333333333334
1251,0.15,7.666666666666668
1252,0.05,0.2333333333333333
1253,0.05,0.9666666666666668
1254,0.16666666666666666,1.1333333333333333
1255,0.1,1.35
1256,0.55,0.6666666666666666
1257,0.2,0.03333333333333333
1258,0.1,0.03333333333333333
1259,0.6833333333333333,6.316666666666666
1260,0.95,14.116666666666667
1261,2.683333333333333,7.2
1262,1.15,7.316666666666666
1263,1.1,7.25
1264,0.05,5.25
1265,0.05,3.5166666666666666
1266,0.08333333333333333,5.466666666666668
1267,0.0,0.2
1268,0.0,0.3333333333333333
1269,0.35,6.5
1270,0.06666666666666668,1.8166666666666669
1271,0.18333333333333326,2.9166666666666665
1272,1.25,3.683333333333333
1273,2.066666666666667,3.783333333333333
1274,0.38333333333333336,2.0
1275,0.2833333333333333,3.3666666666666667
1276,0.016666666666666666,4.533333333333333
1277,0.13333333333333333,9.183333333333334
1278,0.06666666666666668,2.0
1279,0.7,0.6
1280,1.4,0.26666666666666666
1281,3.0166666666666666,3.35
1282,0.18333333333333326,2.8
1283,0.21666666666666667,19.016666666666666
1284,0.016666666666666666,0.8
1285,0.11666666666666667,9.666666666666666
1286,0.7666666666666667,8.4
1287,2.05,10.816666666666665
1288,1.55,6.25
1289,1.9166666666666667,9.7
1290,0.8833333333333333,8.35
1291,0.9833333333333332,12.533333333333333
1292,0.8833333333333333,3.933333333333333
1293,0.31666666666666665,4.2
1294,1.1,8.05
1295,1.4333333333333331,7.6
1296,2.5166666666666666,11.466666666666667
1297,0.03333333333333333,12.15
1298,2.2666666666666666,16.75
1299,0.4166666666666667,6.066666666666666
1300,0.13333333333333333,6.433333333333334
1301,0.26666666666666666,1.45
1302,1.2166666666666666,1.1166666666666667
1303,0.7,1.3833333333333333
1304,0.05,1.1666666666666667
1305,0.016666666666666666,3.7
1306,0.4,9.366666666666667
1307,0.15,1.4666666666666666
1308,0.5,0.13333333333333333
1309,0.08333333333333333,0.0
1310,0.0,0.13333333333333333
1311,0.0,0.36666666666666653
1312,0.0,0.9666666666666668
1313,0.0,0.6
1314,0.0,0.2833333333333333
1315,0.1,0.16666666666666666
1316,0.5666666666666667,0.016666666666666666
1317,0.0,1.4833333333333334
1318,0.7,3.783333333333333
1319,0.15,3.1166666666666667
1320,0.0,0.1
1321,0.0,0.0
1322,0.11666666666666667,0.26666666666666666
1323,0.2,0.8333333333333334
1324,1.0333333333333334,4.983333333333333
1325,1.7333333333333334,5.2
1326,0.8833333333333333,6.2
1327,0.65,6.3
1328,0.6166666666666667,7.85
1329,1.2333333333333334,13.416666666666664
1330,0.3333333333333333,1.0333333333333334
1331,0.15,0.6666666666666666
1332,0.11666666666666667,2.083333333333333
1333,0.15,1.7833333333333334
1334,0.6666666666666666,19.983333333333334
1335,0.18333333333333326,1.3666666666666667
1336,1.4666666666666666,3.216666666666667
1337,0.21666666666666667,9.183333333333334
1338,0.43333333333333335,5.4
1339,0.18333333333333326,1.5833333333333333
1340,1.0833333333333333,6.933333333333334
1341,0.55,4.533333333333333
1342,0.03333333333333333,0.16666666666666666
1343,0.7,8.1
1344,0.05,3.2333333333333334
1345,0.7333333333333333,3.1666666666666665
1346,1.9333333333333331,8.683333333333334
1347,0.4666666666666667,8.3
1348,0.85,7.05
1349,0.03333333333333333,0.31666666666666665
1350,0.05,3.633333333333333
1351,0.25,7.283333333333332
1352,0.7,9.35
1353,0.18333333333333326,1.8666666666666667
1354,0.5166666666666667,9.933333333333334
1355,0.6666666666666666,3.633333333333333
1356,0.3333333333333333,1.45
1357,1.6166666666666667,1.0166666666666666
1358,1.0,4.833333333333333
1359,0.25,8.116666666666667
1360,0.05,1.6
1361,0.0,0.06666666666666668
1362,1.0833333333333333,9.183333333333334
1363,2.0166666666666666,7.85
1364,0.43333333333333335,4.366666666666666
1365,0.1,0.8166666666666667
1366,0.15,2.45
1367,0.36666666666666653,0.7
1368,0.9333333333333332,1.3666666666666667
1369,0.016666666666666666,0.2833333333333333
1370,0.11666666666666667,0.05
1371,0.9,14.6
1372,0.2333333333333333,0.2833333333333333
1373,0.1,0.5166666666666667
1374,0.0,0.16666666666666666
1375,0.1,8.7
1376,0.05,0.8
1377,0.18333333333333326,7.7333333333333325
1378,0.35,8.083333333333334
1379,0.55,6.1
1380,1.7,1.4666666666666666
1381,0.55,0.55
1382,0.13333333333333333,0.3333333333333333
1383,0.18333333333333326,8.033333333333333
1384,0.85,9.233333333333333
1385,0.8,6.283333333333332
1386,0.5,6.0
1387,0.9333333333333332,1.0166666666666666
1388,0.1,3.45
1389,0.16666666666666666,2.45
1390,0.03333333333333333,0.8
1391,0.18333333333333326,0.2333333333333333
1392,1.3166666666666669,8.016666666666667
1393,0.45,11.15
1394,2.15,5.45
1395,0.13333333333333333,5.0
1396,2.05,6.55
1397,0.35,4.65
1398,5.7,6.216666666666668
1399,5.333333333333333,10.533333333333333
1400,4.266666666666667,1.4833333333333334
1401,0.6,0.75
1402,5.7,0.2333333333333333
1403,1.1333333333333333,1.9
1404,0.2,0.6333333333333333
1405,0.8166666666666667,2.6333333333333333
1406,4.45,28.93333333333333
1407,4.783333333333333,15.916666666666664
1408,1.7833333333333334,15.7
1409,7.35,21.116666666666667
1410,1.6666666666666667,9.75
1411,9.633333333333333,20.5
1412,3.25,8.833333333333334
1413,2.8833333333333333,7.2333333333333325
1414,4.166666666666667,10.016666666666667
1415,2.466666666666667,9.5
1416,0.2,2.7666666666666666
1417,2.2333333333333334,8.1
1418,1.6666666666666667,10.266666666666667
1419,0.5333333333333333,0.2
1420,4.666666666666667,11.183333333333335
1421,1.7666666666666666,5.633333333333334
1422,3.9166666666666665,12.933333333333335
1423,4.4,13.75
1424,6.033333333333332,13.05
1425,1.0333333333333334,7.2666666666666675
1426,2.466666666666667,2.8666666666666667
1427,13.066666666666665,18.383333333333333
1428,26.36666666666667,32.1
1429,31.1,43.86666666666667
1430,11.7,34.68333333333333
1431,4.3,9.633333333333333
1432,4.983333333333333,7.366666666666666
1433,2.3833333333333333,1.7833333333333334
1434,1.9833333333333332,0.08333333333333333
1435,1.4666666666666666,6.883333333333334
1436,2.9,14.416666666666664
1437,1.6333333333333333,7.35
1438,1.8833333333333333,4.8
1439,0.016666666666666666,0.43333333333333335
1440,0.18333333333333326,1.4166666666666667
1441,0.5666666666666667,0.11666666666666667
1442,3.05,10.05
1443,10.45,44.26666666666666
1444,1.15,9.066666666666666
1445,2.55,5.9
1446,4.916666666666667,9.566666666666666
1447,0.6166666666666667,2.7666666666666666
1448,0.8333333333333334,2.033333333333333
1449,5.933333333333334,14.533333333333333
1450,12.633333333333333,14.266666666666667
1451,26.266666666666666,39.66666666666666
1452,22.7,40.16666666666666
1453,23.516666666666666,36.88333333333333
1454,19.516666666666666,29.716666666666665
1455,32.266666666666666,49.68333333333333
1456,13.416666666666664,30.2
1457,3.45,7.95
1458,0.08333333333333333,0.5166666666666667
1459,0.55,3.3666666666666667
1460,3.183333333333333,2.5
1461,0.03333333333333333,0.0
1462,5.166666666666667,9.8
1463,3.433333333333333,12.433333333333335
1464,5.266666666666667,0.9333333333333332
1465,0.65,0.13333333333333333
1466,0.0,7.216666666666668
1467,0.0,0.2333333333333333
1468,0.0,4.833333333333333
1469,0.0,2.8833333333333333
1470,0.4166666666666667,0.05
1471,0.4,1.2833333333333334
1472,3.716666666666667,1.4333333333333331
1473,0.0,0.18333333333333326
1474,0.0,3.1166666666666667
1475,8.133333333333333,15.416666666666664
1476,8.3,18.58333333333333
1477,5.783333333333332,12.15
1478,6.183333333333334,20.2
1479,3.0166666666666666,28.91666666666667
1480,9.2,17.066666666666666
1481,12.083333333333336,25.7
1482,6.066666666666666,14.95
1483,10.7,16.016666666666666
1484,1.7333333333333334,5.55
1485,0.6666666666666666,4.9
1486,1.8333333333333333,8.05
1487,3.933333333333333,11.383333333333333
1488,5.7,10.85
1489,2.9833333333333334,3.15
1490,3.55,8.916666666666666
1491,1.75,6.2
1492,4.583333333333333,7.85
1493,0.016666666666666666,0.16666666666666666
1494,0.8333333333333334,7.966666666666668
1495,1.7,4.183333333333334
1496,6.166666666666668,11.066666666666665
1497,4.5,12.9
1498,3.3,11.4
1499,6.333333333333332,11.016666666666667
1500,0.0,1.45
1501,0.7,2.783333333333333
1502,2.683333333333333,0.8666666666666667
1503,0.0,0.016666666666666666
1504,0.05,1.0833333333333333
1505,0.6666666666666666,7.716666666666668
1506,4.1,9.7
1507,2.85,6.633333333333334
1508,4.133333333333334,13.066666666666665
1509,0.55,6.95
1510,0.95,3.8666666666666663
1511,1.4333333333333331,14.533333333333333
1512,1.8,13.05
1513,1.8833333333333333,1.5333333333333334
1514,0.9666666666666668,6.533333333333332
1515,5.416666666666668,14.166666666666664
1516,2.7666666666666666,12.666666666666664
1517,1.3833333333333333,3.316666666666667
1518,0.15,2.316666666666667
1519,0.08333333333333333,4.716666666666667
1520,0.18333333333333326,2.25
1521,2.8,4.716666666666667
1522,3.45,12.65
1523,5.566666666666666,11.866666666666667
1524,5.633333333333334,13.233333333333333
1525,1.9666666666666663,18.816666666666666
1526,6.35,16.65
1527,2.2666666666666666,7.116666666666666
1528,2.55,3.7
1529,3.6,1.9
1530,1.6166666666666667,13.233333333333333
1531,0.15,8.833333333333334
1532,3.933333333333333,9.783333333333333
1533,0.7333333333333333,2.85
1534,2.2666666666666666,16.483333333333334
1535,1.9666666666666663,0.4666666666666667
1536,4.916666666666667,3.15
1537,0.35,13.133333333333333
1538,0.18333333333333326,2.3
1539,0.6333333333333333,2.65
1540,0.0,1.15
1541,0.1,0.16666666666666666
1542,0.4166666666666667,0.5166666666666667
1543,0.9333333333333332,4.7
1544,0.38333333333333336,4.8
1545,2.4166666666666665,22.25
1546,2.033333333333333,7.1
1547,5.633333333333334,15.983333333333333
1548,3.083333333333333,10.133333333333333
1549,4.133333333333334,8.316666666666666
1550,1.0166666666666666,8.683333333333334
1551,2.833333333333333,18.633333333333333
1552,2.65,9.75
1553,4.066666666666666,8.466666666666667
1554,2.216666666666667,7.2
1555,3.5166666666666666,8.416666666666666
1556,2.2,5.283333333333333
1557,2.15,0.7166666666666667
1558,1.1,6.3
1559,0.11666666666666667,3.0
1560,0.75,4.2
1561,5.533333333333332,5.25
1562,0.55,3.3
1563,1.45,9.0
1564,0.05,4.35
1565,0.7166666666666667,13.833333333333336
1566,2.7666666666666666,30.11666666666667
1567,9.15,33.43333333333333
1568,5.166666666666667,7.55
1569,5.6,12.633333333333333
1570,0.9,3.7
1571,0.4166666666666667,3.25
1572,1.5833333333333333,6.066666666666666
1573,3.9166666666666665,12.083333333333336
1574,1.0333333333333334,3.1166666666666667
1575,5.05,12.166666666666664
1576,13.25,16.05
1577,4.483333333333333,11.666666666666664
1578,3.1666666666666665,6.633333333333334
1579,13.633333333333333,13.133333333333333
1580,6.4,4.55
1581,9.516666666666667,4.766666666666667
1582,6.7,4.233333333333333
1583,11.133333333333333,11.25
1584,1.3666666666666667,10.4
1585,7.35,15.066666666666665
1586,5.533333333333332,9.55
1587,6.85,7.466666666666668
1588,7.3,12.266666666666667
1589,6.366666666666666,10.816666666666665
1590,10.3,15.95
1591,5.466666666666668,11.183333333333335
1592,10.45,13.85
1593,3.8,7.85
1594,3.066666666666667,11.516666666666667
1595,4.8,5.25
1596,7.25,10.083333333333334
1597,1.9,5.383333333333334
1598,6.55,5.566666666666666
1599,2.283333333333333,5.966666666666668
1600,0.3333333333333333,4.65
1601,3.75,7.316666666666666
1602,2.583333333333333,5.05
1603,1.5,10.916666666666664
1604,1.9,8.266666666666667
1605,4.25,11.666666666666664
1606,4.766666666666667,17.516666666666666
1607,7.666666666666668,5.0
1608,4.366666666666666,1.7333333333333334
1609,2.433333333333333,41.56666666666667
1610,1.8333333333333333,15.166666666666664
1611,2.35,34.95
1612,0.0,35.583333333333336
1613,0.1,37.91666666666666
1614,0.1,36.28333333333333
1615,0.7333333333333333,37.93333333333333
1616,0.0,32.06666666666667
1617,0.1,30.83333333333333
1618,0.0,27.63333333333333
1619,0.0,26.86666666666667
1620,0.0,22.0
1621,0.0,19.233333333333334
1622,0.0,15.3
1623,5.883333333333334,7.883333333333334
1624,12.183333333333335,21.78333333333333
1625,6.0,14.8
1626,5.216666666666667,3.433333333333333
1627,9.066666666666666,1.6166666666666667
1628,6.2333333333333325,1.0166666666666666
1629,10.8,1.3166666666666669
1630,1.8833333333333333,2.966666666666667
1631,4.75,6.183333333333334
1632,5.066666666666666,10.433333333333334
1633,1.45,2.9166666666666665
1634,2.75,14.45
1635,1.3,7.05
1636,1.8,2.433333333333333
1637,0.0,0.9
1638,1.05,3.75
1639,3.183333333333333,2.2333333333333334
1640,3.65,0.7833333333333333
1641,4.783333333333333,0.38333333333333336
1642,1.7,0.8333333333333334
1643,1.35,1.0333333333333334
1644,1.2833333333333334,5.7
1645,1.8333333333333333,4.533333333333333
1646,1.85,4.05
1647,0.11666666666666667,0.05
1648,0.03333333333333333,0.06666666666666668
1649,0.08333333333333333,0.11666666666666667
1650,2.083333333333333,4.183333333333334
1651,6.7,10.416666666666666
1652,2.816666666666667,8.316666666666666
1653,1.8666666666666667,12.483333333333333
1654,3.6666666666666665,12.3
1655,6.9833333333333325,14.983333333333333
1656,2.1166666666666667,5.283333333333333
1657,1.7166666666666666,8.866666666666667
1658,2.4833333333333334,6.866666666666666
1659,0.45,1.7
1660,3.983333333333333,5.066666666666666
1661,3.75,11.033333333333333
1662,2.5,4.933333333333334
1663,8.4,26.66666666666667
1664,4.75,9.616666666666667
1665,5.05,24.066666666666666
1666,2.3,11.633333333333333
1667,4.433333333333334,0.5666666666666667
1668,1.6833333333333331,0.2
1669,1.05,9.0
1670,1.3833333333333333,23.38333333333333
1671,3.783333333333333,13.166666666666664
1672,7.533333333333332,16.283333333333335
1673,3.55,6.133333333333334
1674,0.6,1.05
1675,3.733333333333333,8.3
1676,4.033333333333333,11.0
1677,1.7833333333333334,5.0
1678,1.0333333333333334,3.4
1679,0.2,1.0666666666666669
1680,0.7333333333333333,11.2
1681,1.95,7.116666666666666
1682,1.7,6.933333333333334
1683,0.38333333333333336,1.3166666666666669
1684,2.0166666666666666,8.716666666666667
1685,3.083333333333333,8.266666666666667
1686,2.9166666666666665,11.283333333333333
1687,9.216666666666667,38.516666666666666
1688,7.416666666666668,31.85
1689,0.9666666666666668,12.116666666666667
1690,1.6666666666666667,17.133333333333333
1691,0.08333333333333333,2.583333333333333
1692,2.583333333333333,5.1
1693,2.566666666666667,8.75
1694,8.333333333333334,17.65
1695,0.7166666666666667,2.033333333333333
1696,12.45,23.55
1697,3.45,10.95
1698,0.9333333333333332,2.533333333333333
1699,0.5333333333333333,2.433333333333333
1700,1.4333333333333331,31.05
1701,6.933333333333334,20.58333333333333
1702,4.666666666666667,10.433333333333334
1703,2.816666666666667,5.533333333333332
1704,4.333333333333333,12.433333333333335
1705,3.083333333333333,7.816666666666666
1706,6.55,2.1
1707,1.85,26.05
1708,4.866666666666666,15.05
1709,2.2333333333333334,7.216666666666668
1710,6.533333333333332,12.516666666666667
1711,0.21666666666666667,1.7333333333333334
1712,1.1,5.883333333333334
1713,2.033333333333333,3.8666666666666663
1714,6.65,17.7
1715,4.116666666666666,16.6
1716,0.4,14.733333333333333
1717,0.06666666666666668,12.683333333333335
1718,0.2833333333333333,15.95
1719,0.21666666666666667,19.75
1720,2.433333333333333,17.916666666666668
1721,6.3,11.733333333333333
1722,8.783333333333333,15.533333333333333
1723,4.75,13.35
1724,0.31666666666666665,0.85
1725,4.433333333333334,5.683333333333334
1726,4.85,6.716666666666668
1727,4.6,12.85
1728,3.35,9.95
1729,0.9333333333333332,5.266666666666667
1730,4.15,0.7333333333333333
1731,4.466666666666667,5.883333333333334
1732,5.616666666666666,13.3
1733,3.316666666666667,6.75
1734,0.38333333333333336,15.516666666666667
1735,0.016666666666666666,41.55
1736,1.4166666666666667,13.283333333333333
1737,1.4333333333333331,2.8
1738,0.5333333333333333,5.4
1739,2.566666666666667,7.716666666666668
1740,0.3333333333333333,15.383333333333333
1741,0.0,17.55
1742,4.166666666666667,29.216666666666665
1743,5.016666666666667,31.53333333333333
1744,0.36666666666666653,1.85
1745,3.433333333333333,8.633333333333333
1746,4.416666666666667,9.85
1747,4.716666666666667,14.766666666666667
1748,0.9666666666666668,4.466666666666667
1749,7.85,15.966666666666667
1750,0.8333333333333334,2.533333333333333
1751,0.5,2.1666666666666665
1752,3.75,9.616666666666667
1753,2.9166666666666665,1.35
1754,0.8,3.983333333333333
1755,0.9333333333333332,1.8833333333333333
1756,1.3833333333333333,6.45
1757,1.95,4.283333333333333
1758,0.16666666666666666,0.016666666666666666
1759,1.6833333333333331,1.5166666666666666
1760,0.4666666666666667,0.9666666666666668
1761,1.2,8.066666666666666
1762,6.0166666666666675,1.6166666666666667
1763,3.4,0.9166666666666666
1764,3.65,11.75
1765,1.7833333333333334,1.3666666666666667
1766,3.316666666666667,8.783333333333333
1767,5.116666666666666,9.966666666666667
1768,5.15,4.933333333333334
1769,4.183333333333334,9.066666666666666
1770,0.03333333333333333,4.883333333333334
1771,1.0833333333333333,5.9
1772,1.6333333333333333,12.816666666666665
1773,0.4,0.2833333333333333
1774,0.4166666666666667,0.7333333333333333
1775,0.4166666666666667,1.1666666666666667
1776,0.18333333333333326,0.2833333333333333
1777,0.2833333333333333,0.6166666666666667
1778,0.35,5.116666666666666
1779,0.05,0.5833333333333334
1780,0.06666666666666668,0.4166666666666667
1781,0.05,0.5666666666666667
1782,0.016666666666666666,1.8
1783,0.4666666666666667,6.8
1784,0.3,3.983333333333333
1785,0.016666666666666666,2.1166666666666667
1786,0.5,5.45
1787,0.06666666666666668,10.2
1788,0.08333333333333333,35.28333333333333
1789,0.2333333333333333,28.93333333333333
1790,3.3833333333333333,10.8
1791,0.016666666666666666,1.6166666666666667
1792,0.0,2.8
1793,0.0,0.7166666666666667
1794,0.0,0.0
1795,1.4166666666666667,0.21666666666666667
1796,0.8,0.36666666666666653
1797,0.05,0.6
1798,0.03333333333333333,0.26666666666666666
1799,0.03333333333333333,1.2333333333333334
1800,0.1,2.5166666666666666
1801,1.2833333333333334,7.65
1802,0.2333333333333333,1.35
1803,0.11666666666666667,1.0333333333333334
1804,0.03333333333333333,1.6833333333333331
1805,0.0,0.26666666666666666
1806,0.0,2.55
1807,0.18333333333333326,4.283333333333333
1808,0.03333333333333333,1.3833333333333333
1809,0.21666666666666667,14.533333333333333
1810,0.016666666666666666,0.2
1811,0.06666666666666668,1.4833333333333334
1812,0.0,0.26666666666666666
1813,0.0,1.35
1814,0.2333333333333333,5.333333333333333
1815,0.21666666666666667,7.2666666666666675
1816,0.06666666666666668,25.95
1817,0.0,30.86666666666667
1818,0.0,1.0166666666666666
1819,0.0,0.6166666666666667
1820,0.0,0.0
1821,0.05,1.2833333333333334
1822,0.06666666666666668,0.95
1823,0.0,0.18333333333333326
1824,0.08333333333333333,0.6833333333333333
1825,0.03333333333333333,1.5833333333333333
1826,0.016666666666666666,1.25
1827,0.0,0.2333333333333333
1828,0.0,0.8166666666666667
1829,0.0,1.6833333333333331
1830,0.03333333333333333,0.7666666666666667
1831,0.0,0.25
1832,0.0,0.03333333333333333
1833,0.03333333333333333,1.4333333333333331
1834,0.5166666666666667,0.2
1835,0.2333333333333333,11.716666666666667
1836,0.15,37.083333333333336
1837,0.0,1.0833333333333333
1838,0.0,0.0
1839,0.0,0.36666666666666653
1840,0.0,0.0
1841,0.0,0.03333333333333333
1842,0.2333333333333333,4.5
1843,0.016666666666666666,2.3
1844,0.0,2.8666666666666667
1845,0.0,1.0
1846,0.016666666666666666,0.15
1847,0.0,0.55
1848,0.0,0.65
1849,0.0,0.55
1850,0.016666666666666666,0.8666666666666667
1851,0.38333333333333336,2.5166666666666666
1852,0.03333333333333333,0.5166666666666667
1853,0.0,0.016666666666666666
1854,0.05,0.45
1855,0.75,0.08333333333333333
1856,0.38333333333333336,6.033333333333332
1857,0.0,0.13333333333333333
1858,0.9333333333333332,6.816666666666666
1859,0.2833333333333333,6.466666666666668
1860,2.933333333333333,6.566666666666666
1861,3.75,5.0
1862,4.95,7.85
1863,2.7333333333333334,4.866666666666666
1864,3.183333333333333,4.1
1865,2.8833333333333333,9.9
1866,3.2666666666666666,4.833333333333333
1867,3.316666666666667,4.033333333333333
1868,3.6,5.016666666666667
1869,3.3666666666666667,8.416666666666666
1870,1.9166666666666667,5.9833333333333325
1871,1.7,3.95
1872,1.9833333333333332,5.216666666666667
1873,3.0,6.2333333333333325
1874,4.033333333333333,6.333333333333332
1875,1.9166666666666667,7.466666666666668
1876,0.8,4.75
1877,0.55,5.333333333333333
1878,0.15,3.816666666666667
1879,0.016666666666666666,1.4
1880,1.05,0.4166666666666667
1881,1.9,0.26666666666666666
1882,0.8333333333333334,0.2
1883,0.1,0.2833333333333333
1884,0.26666666666666666,7.6
1885,0.016666666666666666,1.8333333333333333
1886,0.3,5.7333333333333325
1887,3.733333333333333,6.633333333333334
1888,4.35,30.316666666666666
1889,3.6166666666666663,29.73333333333333
1890,2.2666666666666666,39.16666666666666
1891,4.133333333333334,31.0
1892,3.883333333333333,30.4
1893,1.9166666666666667,8.35
1894,0.05,2.333333333333333
1895,1.0666666666666669,10.8
1896,0.0,0.0
1897,0.0,0.13333333333333333
1898,0.03333333333333333,4.6
1899,0.06666666666666668,4.7
1900,0.0,0.8
1901,0.03333333333333333,4.766666666666667
1902,0.6,10.266666666666667
1903,0.55,9.633333333333333
1904,0.03333333333333333,0.25
1905,0.9166666666666666,0.85
1906,0.06666666666666668,1.2333333333333334
1907,1.4166666666666667,1.1333333333333333
1908,1.6666666666666667,0.2
1909,0.8,0.18333333333333326
1910,0.03333333333333333,0.06666666666666668
1911,0.1,0.06666666666666668
1912,0.35,0.2833333333333333
1913,0.16666666666666666,1.5833333333333333
1914,0.9666666666666668,2.4833333333333334
1915,0.016666666666666666,0.1
1916,0.0,0.06666666666666668
1917,0.6166666666666667,0.2833333333333333
1918,0.016666666666666666,0.0
1919,0.7,0.2833333333333333
1920,0.016666666666666666,0.0
1921,0.016666666666666666,0.0
1922,0.0,0.0
1923,0.1,0.45
1924,0.4,0.8
1925,0.0,0.0
1926,0.4833333333333333,0.03333333333333333
1927,0.06666666666666668,0.0
1928,0.0,0.0
1929,0.0,0.0
1930,0.0,0.0
1931,0.6166666666666667,0.03333333333333333
1932,0.0,0.0
1933,0.0,0.0
1934,0.0,0.0
1935,0.4666666666666667,0.9
1936,0.2833333333333333,0.016666666666666666
1937,0.31666666666666665,0.016666666666666666
1938,0.75,0.15
1939,0.03333333333333333,0.0
1940,0.0,0.03333333333333333
1941,1.9166666666666667,3.466666666666667
1942,0.06666666666666668,3.2333333333333334
1943,2.25,10.35
1944,0.36666666666666653,8.666666666666666
1945,0.13333333333333333,0.45
1946,0.03333333333333333,2.316666666666667
1947,0.05,0.95
1948,0.11666666666666667,2.15
1949,0.4166666666666667,5.883333333333334
1950,0.13333333333333333,0.26666666666666666
1951,0.15,0.8166666666666667
1952,0.55,0.4833333333333333
1953,0.0,0.36666666666666653
1954,0.05,0.0
1955,0.06666666666666668,0.016666666666666666
1956,0.05,1.0333333333333334
1957,0.6666666666666666,5.2
1958,0.05,2.1333333333333333
1959,0.0,1.6833333333333331
1960,0.0,0.8166666666666667
1961,0.03333333333333333,0.7166666666666667
1962,0.1,1.05
1963,0.35,0.9333333333333332
1964,0.1,0.4166666666666667
1965,0.0,1.1
1966,0.0,0.36666666666666653
1967,0.7666666666666667,0.5833333333333334
1968,0.5333333333333333,2.3666666666666667
1969,0.03333333333333333,0.016666666666666666
1970,0.06666666666666668,5.4
1971,1.9333333333333331,10.866666666666667
1972,1.35,7.833333333333332
1973,0.4166666666666667,0.9666666666666668
1974,0.6,0.25
1975,5.566666666666666,0.6166666666666667
1976,0.65,1.6833333333333331
1977,0.1,0.3
1978,0.05,0.21666666666666667
1979,0.0,0.0
1980,0.2,0.016666666666666666
1981,0.0,0.0
1982,0.0,0.0
1983,0.03333333333333333,0.016666666666666666
1984,0.55,1.0166666666666666
1985,0.016666666666666666,0.95
1986,0.0,0.0
1987,0.0,0.21666666666666667
1988,0.0,0.06666666666666668
1989,0.0,0.0
1990,0.05,0.35
1991,1.45,0.2333333333333333
1992,0.03333333333333333,0.5166666666666667
1993,0.0,0.9
1994,0.4666666666666667,2.1333333333333333
1995,0.0,1.35
1996,1.8166666666666669,11.466666666666667
1997,0.13333333333333333,4.383333333333334
1998,,11.35
1999,,2.85
2000,1.85,3.183333333333333
2001,1.35,5.75
2002,3.3833333333333333,1.65
2003,4.083333333333333,11.766666666666667
2004,0.5,2.1666666666666665
2005,4.45,8.8
2006,1.5666666666666669,7.4
2007,5.066666666666666,18.15
2008,1.1,7.166666666666668
2009,0.4666666666666667,13.116666666666667
2010,3.8666666666666663,6.7666666666666675
2011,2.45,2.216666666666667
2012,7.5,15.5
2013,6.133333333333334,9.4
2014,3.033333333333333,6.066666666666666
2015,1.45,0.21666666666666667
2016,0.4,3.2666666666666666
2017,3.1,1.8833333333333333
2018,1.2333333333333334,4.75
2019,4.35,11.233333333333333
2020,0.8666666666666667,2.316666666666667
2021,0.1,0.7833333333333333
2022,0.5,1.1333333333333333
2023,1.0333333333333334,0.6833333333333333
2024,0.4666666666666667,2.5
2025,5.083333333333333,11.833333333333336
2026,2.7333333333333334,6.7666666666666675
2027,5.683333333333334,11.75
2028,1.3833333333333333,11.15
2029,0.08333333333333333,1.5
2030,0.0,0.5333333333333333
2031,0.0,0.2
2032,0.13333333333333333,0.6333333333333333
2033,0.0,22.88333333333333
2034,0.0,6.633333333333334
2035,1.5,4.183333333333334
2036,0.65,2.5
2037,0.7833333333333333,14.833333333333336
2038,0.9,11.966666666666667
2039,0.2,1.1
2040,0.4,2.1333333333333333
2041,1.05,10.283333333333333
2042,0.8166666666666667,1.5666666666666669
2043,0.43333333333333335,0.26666666666666666
2044,1.0166666666666666,2.1666666666666665
2045,0.4166666666666667,0.7666666666666667
2046,1.7833333333333334,0.85
2047,0.35,11.066666666666665
2048,1.2833333333333334,6.15
2049,0.75,0.0
2050,2.5,0.6
2051,1.8666666666666667,0.0
2052,1.65,0.05
2053,2.8833333333333333,4.6
2054,0.0,1.1833333333333331
2055,0.21666666666666667,2.833333333333333
2056,0.8166666666666667,1.6166666666666667
2057,0.08333333333333333,3.4
2058,0.05,0.6833333333333333
2059,0.0,0.016666666666666666
2060,0.0,0.016666666666666666
2061,0.03333333333333333,3.183333333333333
2062,0.13333333333333333,12.016666666666667
2063,5.666666666666668,16.733333333333334
2064,1.3833333333333333,1.2166666666666666
2065,3.2666666666666666,6.183333333333334
2066,0.18333333333333326,10.383333333333333
2067,0.43333333333333335,21.133333333333333
2068,0.3,5.183333333333334
2069,1.4666666666666666,3.15
2070,1.7166666666666666,0.21666666666666667
2071,3.6166666666666663,0.4666666666666667
2072,0.11666666666666667,0.18333333333333326
2073,0.9333333333333332,0.36666666666666653
2074,6.25,9.7
2075,6.8,10.5
2076,0.5333333333333333,2.9
2077,0.7,5.666666666666668
2078,0.0,0.016666666666666666
2079,0.0,0.6833333333333333
2080,2.566666666666667,6.4833333333333325
2081,3.35,7.0166666666666675
2082,8.616666666666667,8.633333333333333
2083,8.083333333333334,7.5166666666666675
2084,5.916666666666668,6.616666666666666
2085,8.066666666666666,7.333333333333332
2086,5.633333333333334,4.45
2087,9.666666666666666,10.9
2088,5.466666666666668,8.166666666666666
2089,8.916666666666666,8.833333333333334
2090,10.633333333333333,11.483333333333333
2091,6.5166666666666675,6.2
2092,12.183333333333335,11.65
2093,4.383333333333334,4.633333333333334
2094,9.8,9.45
2095,1.8166666666666669,3.7
2096,16.65,13.533333333333333
2097,3.0166666666666666,9.133333333333333
2098,1.4,3.3833333333333333
2099,4.783333333333333,5.183333333333334
2100,3.2666666666666666,8.016666666666667
2101,3.6,0.6833333333333333
2102,0.8333333333333334,1.45
2103,0.6333333333333333,3.85
2104,0.8833333333333333,4.116666666666666
2105,20.9,24.91666666666667
2106,22.58333333333333,27.98333333333333
2107,18.8,26.43333333333333
2108,11.583333333333336,20.916666666666668
2109,18.15,19.266666666666666
2110,23.88333333333333,49.9
2111,12.733333333333333,22.816666666666666
2112,19.15,40.86666666666667
2113,14.1,26.38333333333333
2114,5.166666666666667,12.533333333333333
2115,0.16666666666666666,19.33333333333333
2116,0.6166666666666667,14.766666666666667
2117,0.03333333333333333,5.016666666666667
2118,1.8,5.616666666666666
2119,3.933333333333333,4.316666666666666
2120,0.55,2.783333333333333
2121,4.45,0.65
2122,1.7333333333333334,0.21666666666666667
2123,0.0,0.15
2124,2.9833333333333334,0.6833333333333333
2125,0.0,0.2833333333333333
2126,1.1333333333333333,2.05
2127,0.26666666666666666,1.5166666666666666
2128,3.6,7.416666666666668
2129,0.8666666666666667,12.816666666666665
2130,4.416666666666667,10.516666666666667
2131,1.9,5.333333333333333
2132,0.43333333333333335,0.18333333333333326
2133,0.15,2.533333333333333
2134,1.1,4.333333333333333
2135,1.5166666666666666,3.1166666666666667
2136,0.26666666666666666,1.6833333333333331
2137,0.1,0.4
2138,1.45,5.7
2139,2.05,8.5
2140,1.75,0.9166666666666666
2141,0.65,7.833333333333332
2142,0.25,2.6
2143,0.2333333333333333,0.7333333333333333
2144,2.3833333333333333,3.716666666666667
2145,0.0,0.03333333333333333
2146,2.0,1.0
2147,1.9333333333333331,0.16666666666666666
2148,0.0,0.0
2149,0.03333333333333333,0.5666666666666667
2150,0.0,0.0
2151,0.0,0.05
2152,0.0,0.0
2153,0.0,0.0
2154,2.2333333333333334,1.5333333333333334
2155,0.03333333333333333,0.4166666666666667
2156,0.016666666666666666,0.26666666666666666
2157,0.0,0.55
2158,0.11666666666666667,0.08333333333333333
2159,3.883333333333333,3.45
2160,0.0,0.0
2161,0.0,0.15
2162,0.0,2.6166666666666667
2163,1.3666666666666667,16.3
2164,0.4166666666666667,12.633333333333333
2165,3.85,5.866666666666666
2166,5.05,9.0
2167,2.8,19.3
2168,3.566666666666667,10.4
2169,4.3,8.45
2170,2.35,5.716666666666668
2171,6.066666666666666,9.5
2172,0.016666666666666666,0.25
2173,0.03333333333333333,0.3
2174,0.1,0.2333333333333333
2175,0.016666666666666666,0.18333333333333326
2176,0.08333333333333333,2.0
2177,0.03333333333333333,1.2333333333333334
2178,4.716666666666667,13.233333333333333
2179,0.55,2.4833333333333334
2180,2.3,2.5166666666666666
2181,0.7,2.033333333333333
2182,0.3,4.566666666666666
2183,0.5333333333333333,2.816666666666667
2184,0.05,0.0
2185,2.65,1.5666666666666669
2186,5.283333333333333,0.5333333333333333
2187,1.6,0.38333333333333336
2188,0.18333333333333326,0.11666666666666667
2189,0.0,0.016666666666666666
2190,0.0,0.0
2191,0.9666666666666668,0.16666666666666666
2192,0.5,9.533333333333333
2193,0.08333333333333333,3.783333333333333
2194,1.4333333333333331,4.383333333333334
2195,7.533333333333332,8.533333333333333
2196,2.7333333333333334,3.45
2197,1.7333333333333334,3.683333333333333
2198,0.0,0.03333333333333333
2199,0.0,0.15
2200,1.2333333333333334,3.95
2201,1.4333333333333331,5.266666666666667
2202,9.05,17.633333333333333
2203,1.3666666666666667,7.3
2204,0.13333333333333333,1.4166666666666667
2205,0.7166666666666667,0.3333333333333333
2206,3.1,0.26666666666666666
2207,3.183333333333333,1.15
2208,1.3,20.33333333333333
2209,6.383333333333334,15.583333333333336
2210,0.36666666666666653,0.5333333333333333
2211,1.1166666666666667,5.95
2212,0.11666666666666667,4.183333333333334
2213,0.4166666666666667,2.2333333333333334
2214,3.1666666666666665,7.6
2215,0.6833333333333333,1.9666666666666663
2216,0.08333333333333333,2.8833333333333333
2217,0.06666666666666668,2.433333333333333
2218,0.016666666666666666,4.333333333333333
2219,0.0,0.4166666666666667
2220,0.0,0.0
2221,0.0,1.3666666666666667
2222,0.0,0.06666666666666668
2223,0.0,0.5
2224,0.0,0.05
2225,0.0,0.13333333333333333
2226,0.0,2.083333333333333
2227,1.55,3.0166666666666666
2228,3.75,3.283333333333333
2229,3.816666666666667,8.083333333333334
2230,1.2666666666666666,9.983333333333333
2231,1.6166666666666667,6.083333333333332
2232,0.38333333333333336,2.966666666666667
2233,0.35,2.35
2234,0.36666666666666653,2.7
2235,1.45,1.9666666666666663
2236,0.4833333333333333,4.05
2237,0.7,4.966666666666667
2238,0.016666666666666666,1.2
2239,2.1166666666666667,5.266666666666667
2240,0.0,0.0
2241,0.7833333333333333,1.0333333333333334
2242,0.15,0.6
2243,3.4,6.833333333333332
2244,8.866666666666667,12.816666666666665
2245,2.316666666666667,12.866666666666667
2246,1.6666666666666667,5.666666666666668
2247,4.083333333333333,8.216666666666667
2248,8.35,23.15
2249,0.2333333333333333,13.916666666666664
2250,0.31666666666666665,0.6166666666666667
2251,0.06666666666666668,0.18333333333333326
2252,0.0,0.2833333333333333
2253,1.4333333333333331,4.083333333333333
2254,1.9833333333333332,1.75
2255,0.8833333333333333,0.05
2256,0.0,0.0
2257,0.06666666666666668,0.75
2258,1.5333333333333334,0.16666666666666666
2259,4.3,0.35
2260,4.616666666666666,9.15
2261,0.0,6.8
2262,0.06666666666666668,5.35
2263,3.683333333333333,9.866666666666667
2264,1.3,6.45
2265,0.016666666666666666,0.13333333333333333
2266,0.0,0.16666666666666666
2267,1.2,4.316666666666666
2268,4.85,9.95
2269,2.4833333333333334,6.416666666666668
2270,4.75,2.683333333333333
2271,1.0,0.55
2272,1.4833333333333334,0.7166666666666667
2273,1.1666666666666667,9.6
2274,9.633333333333333,17.333333333333332
2275,6.7,17.833333333333332
2276,7.95,13.65
2277,6.216666666666668,18.53333333333333
2278,0.7,20.25
2279,1.5166666666666666,21.48333333333333
2280,1.75,17.933333333333334
2281,11.766666666666667,9.2
2282,6.066666666666666,11.216666666666667
2283,3.583333333333333,8.283333333333333
2284,0.9166666666666666,3.633333333333333
2285,2.7333333333333334,3.05
2286,4.25,9.1
2287,4.5,10.833333333333336
2288,1.4666666666666666,2.55
2289,4.833333333333333,4.116666666666666
2290,5.583333333333332,5.3
2291,6.066666666666666,17.983333333333334
2292,0.36666666666666653,7.8
2293,2.2333333333333334,21.33333333333333
2294,5.45,8.383333333333333
2295,0.03333333333333333,0.5166666666666667
2296,1.9333333333333331,3.75
2297,2.0166666666666666,1.7166666666666666
2298,0.0,0.03333333333333333
2299,0.0,0.08333333333333333
2300,2.4166666666666665,3.3
2301,0.0,0.0
2302,1.2666666666666666,1.2666666666666666
2303,1.1833333333333331,0.05
2304,0.0,0.0
2305,0.03333333333333333,0.0
2306,0.016666666666666666,0.13333333333333333
2307,0.0,0.8333333333333334
2308,1.6833333333333331,2.8666666666666667
2309,1.9166666666666667,29.91666666666667
2310,0.05,43.28333333333333
2311,19.266666666666666,16.6
2312,0.0,0.0
2313,5.916666666666668,8.35
2314,9.283333333333333,22.36666666666667
2315,4.233333333333333,12.016666666666667
2316,2.9166666666666665,0.13333333333333333
2317,3.25,0.5
2318,2.033333333333333,0.35
2319,3.566666666666667,0.7166666666666667
2320,2.45,3.883333333333333
2321,1.4166666666666667,9.166666666666666
2322,1.6166666666666667,1.5666666666666669
2323,7.7333333333333325,12.616666666666667
2324,2.1166666666666667,7.85
2325,5.85,13.233333333333333
2326,0.8666666666666667,6.55
2327,4.066666666666666,1.35
2328,4.783333333333333,27.41666666666667
2329,0.16666666666666666,13.45
2330,0.45,2.966666666666667
2331,9.55,14.333333333333336
2332,1.0,2.3833333333333333
2333,0.35,0.7333333333333333
2334,0.8833333333333333,2.15
2335,0.5666666666666667,3.25
2336,0.95,2.433333333333333
2337,3.1333333333333333,2.2666666666666666
2338,0.11666666666666667,0.26666666666666666
2339,2.65,12.333333333333336
2340,1.4666666666666666,5.166666666666667
2341,1.3,9.733333333333333
2342,7.316666666666666,16.7
2343,8.55,28.68333333333333
2344,1.3833333333333333,7.45
2345,0.0,7.0
2346,3.05,15.7
2347,0.26666666666666666,1.4166666666666667
2348,0.65,2.3
2349,0.08333333333333333,0.05
2350,0.016666666666666666,0.1
2351,,7.45
2352,6.35,3.2333333333333334
2353,4.85,7.2
2354,1.4166666666666667,1.4333333333333331
2355,0.0,0.13333333333333333
2356,4.25,2.783333333333333
2357,0.9666666666666668,0.38333333333333336
2358,2.1166666666666667,2.9166666666666665
2359,0.55,0.8166666666666667
2360,2.533333333333333,0.0
2361,0.55,0.15
2362,0.3333333333333333,0.5166666666666667
2363,0.36666666666666653,0.7833333333333333
2364,0.13333333333333333,0.43333333333333335
2365,11.7,6.583333333333332
2366,4.316666666666666,8.15
2367,0.36666666666666653,0.4666666666666667
2368,0.3,0.16666666666666666
2369,1.1333333333333333,0.16666666666666666
2370,1.75,0.5333333333333333
2371,0.8166666666666667,0.31666666666666665
2372,2.3,9.816666666666666
2373,0.3,0.4833333333333333
2374,0.1,0.2
2375,1.7333333333333334,2.283333333333333
2376,1.4,1.8666666666666667
2377,1.15,1.9
2378,1.95,0.9
2379,1.3166666666666669,1.25
2380,0.6833333333333333,0.6333333333333333
2381,0.35,0.0
2382,1.7,1.15
2383,4.533333333333333,6.0
2384,0.43333333333333335,0.55
2385,0.016666666666666666,0.03333333333333333
2386,0.05,1.8666666666666667
2387,0.016666666666666666,0.03333333333333333
2388,0.03333333333333333,0.0
2389,0.0,0.0
2390,0.016666666666666666,0.0
2391,0.0,0.016666666666666666
2392,0.0,0.0
2393,0.0,0.05
2394,0.0,0.0
2395,1.5833333333333333,5.2
2396,1.4333333333333331,6.9833333333333325
2397,2.583333333333333,2.5166666666666666
2398,2.95,8.733333333333333
2399,0.1,1.6
2400,5.95,6.633333333333334
2401,3.65,0.3
2402,2.933333333333333,3.2666666666666666
2403,0.08333333333333333,1.4666666666666666
2404,1.0833333333333333,2.683333333333333
2405,5.783333333333332,10.45
2406,2.683333333333333,3.583333333333333
2407,0.5166666666666667,1.0833333333333333
2408,16.633333333333333,9.733333333333333
2409,28.15,23.216666666666665
2410,27.98333333333333,17.75
2411,23.8,20.65
2412,0.45,0.3
2413,0.36666666666666653,1.4833333333333334
2414,0.016666666666666666,0.18333333333333326
2415,0.0,0.13333333333333333
2416,3.3,3.55
2417,0.25,0.15
2418,0.5666666666666667,0.6833333333333333
2419,0.35,0.9
2420,1.3666666666666667,0.55
2421,0.16666666666666666,1.6
2422,1.1,1.3166666666666669
2423,0.016666666666666666,0.03333333333333333
2424,0.36666666666666653,0.03333333333333333
2425,3.983333333333333,0.08333333333333333
2426,0.0,0.0
2427,0.06666666666666668,0.0
2428,0.2,0.016666666666666666
2429,0.3333333333333333,0.016666666666666666
2430,3.583333333333333,0.08333333333333333
2431,1.0,0.0
2432,1.4,0.15
2433,1.6666666666666667,0.03333333333333333
2434,0.0,0.0
2435,1.4166666666666667,0.85
2436,0.0,0.0
2437,1.7666666666666666,1.9166666666666667
2438,3.6,1.9833333333333332
2439,3.1166666666666667,2.9166666666666665
2440,0.7166666666666667,1.3666666666666667
2441,0.0,0.0
2442,0.0,0.0
2443,0.0,0.0
2444,0.0,0.016666666666666666
2445,0.0,0.0
2446,0.0,0.0
2447,0.0,0.0
2448,0.0,0.0
2449,0.0,0.0
2450,2.083333333333333,2.8666666666666667
2451,1.8166666666666669,0.08333333333333333
2452,9.3,7.5
2453,3.683333333333333,7.2666666666666675
2454,4.8,4.783333333333333
2455,3.433333333333333,1.5
2456,0.8666666666666667,0.6
2457,0.0,0.0
2458,0.25,0.25
2459,5.566666666666666,1.9333333333333331
2460,5.133333333333334,4.066666666666666
2461,6.866666666666666,8.55
2462,1.9166666666666667,1.4166666666666667
2463,0.0,0.08333333333333333
2464,1.5166666666666666,0.38333333333333336
2465,0.5166666666666667,0.0
2466,0.0,0.13333333333333333
2467,0.0,0.0
2468,0.21666666666666667,1.5333333333333334
2469,0.45,0.06666666666666668
2470,1.0333333333333334,1.1333333333333333
2471,0.18333333333333326,0.25
2472,0.06666666666666668,0.03333333333333333
2473,6.666666666666668,5.7333333333333325
2474,4.05,5.133333333333334
2475,12.95,10.433333333333334
2476,2.466666666666667,2.5166666666666666
2477,0.2833333333333333,0.18333333333333326
2478,0.38333333333333336,0.18333333333333326
2479,0.4833333333333333,0.9833333333333332
2480,0.0,0.0
2481,0.0,0.0
2482,0.06666666666666668,0.0
2483,0.0,0.0
2484,0.0,0.0
2485,0.5,3.533333333333333
2486,1.55,1.0333333333333334
2487,1.6,0.16666666666666666
2488,1.4,0.8833333333333333
2489,3.8666666666666663,3.966666666666667
2490,1.0666666666666669,1.5
2491,1.3666666666666667,0.08333333333333333
2492,8.316666666666666,8.716666666666667
2493,4.333333333333333,3.466666666666667
2494,0.5166666666666667,0.15
2495,3.633333333333333,11.266666666666667
2496,12.866666666666667,3.1166666666666667
2497,1.1833333333333331,1.2833333333333334
2498,1.7166666666666666,2.683333333333333
2499,1.4666666666666666,1.1166666666666667
2500,3.066666666666667,2.933333333333333
2501,3.9166666666666665,4.083333333333333
2502,1.5333333333333334,2.083333333333333
2503,0.35,1.0166666666666666
2504,0.16666666666666666,0.15
2505,0.016666666666666666,0.13333333333333333
2506,0.35,0.2
2507,0.9666666666666668,1.0166666666666666
2508,0.8333333333333334,1.7333333333333334
2509,0.1,0.08333333333333333
2510,5.2,3.716666666666667
2511,0.0,2.1333333333333333
2512,0.0,0.18333333333333326
2513,0.0,0.0
2514,0.0,0.0
2515,3.95,4.566666666666666
2516,0.0,6.216666666666668
2517,6.7666666666666675,8.3
2518,3.4166666666666665,7.5
2519,3.066666666666667,3.633333333333333
2520,1.6833333333333331,1.65
2521,1.5333333333333334,0.016666666666666666
2522,4.083333333333333,0.15
2523,2.05,0.6666666666666666
2524,1.3666666666666667,4.083333333333333
2525,3.7666666666666666,5.5166666666666675
2526,1.0333333333333334,0.6
2527,0.25,0.21666666666666667
2528,0.36666666666666653,0.5333333333333333
2529,0.4,0.06666666666666668
2530,1.1333333333333333,0.03333333333333333
2531,0.13333333333333333,0.0
2532,0.0,0.0
2533,0.03333333333333333,0.0
2534,0.0,0.0
2535,0.0,0.21666666666666667
2536,2.333333333333333,6.666666666666668
2537,0.05,0.0
2538,0.18333333333333326,0.6
2539,0.0,0.0
2540,0.0,0.1
2541,1.95,0.25
2542,0.0,0.0
2543,0.4,0.18333333333333326
2544,0.0,0.0
2545,4.566666666666666,2.75
2546,6.5,1.5666666666666669
2547,16.116666666666667,8.6
2548,24.566666666666666,17.933333333333334
2549,19.216666666666665,12.9
2550,20.116666666666667,12.0
2551,14.5,8.083333333333334
2552,8.35,7.116666666666666
2553,13.2,5.65
2554,3.333333333333333,2.216666666666667
2555,29.38333333333333,21.58333333333333
2556,22.966666666666665,21.2
2557,4.4,1.7833333333333334
2558,2.75,8.25
2559,11.716666666666667,8.2
2560,6.7,6.25
2561,3.05,8.216666666666667
2562,3.75,2.1
2563,0.9166666666666666,1.3166666666666669
2564,0.0,0.016666666666666666
2565,1.3833333333333333,1.2666666666666666
2566,3.2666666666666666,3.883333333333333
2567,3.333333333333333,2.783333333333333
2568,1.15,0.05
2569,1.45,0.4666666666666667
2570,1.3833333333333333,2.7333333333333334
2571,1.2333333333333334,2.4
2572,0.43333333333333335,0.2
2573,1.0166666666666666,0.8
2574,1.2833333333333334,1.35
2575,0.65,8.583333333333334
2576,1.0833333333333333,4.766666666666667
2577,3.4166666666666665,0.016666666666666666
2578,2.4,0.2
2579,2.283333333333333,0.016666666666666666
2580,0.9166666666666666,0.0
2581,2.8833333333333333,0.0
2582,0.15,0.016666666666666666
2583,0.1,0.03333333333333333
2584,0.0,0.0
2585,0.03333333333333333,0.11666666666666667
2586,0.0,0.0
2587,0.03333333333333333,0.016666666666666666
2588,0.0,0.0
2589,0.9166666666666666,0.7
2590,0.0,0.0
2591,1.8333333333333333,5.9
2592,5.25,5.5
2593,3.333333333333333,4.633333333333334
2594,1.1,2.0
2595,1.1,2.1666666666666665
2596,0.36666666666666653,0.0
2597,0.7166666666666667,0.31666666666666665
2598,4.166666666666667,4.166666666666667
2599,1.8333333333333333,5.533333333333332
2600,5.033333333333333,6.25
2601,1.0666666666666669,1.3333333333333333
2602,3.5,1.2833333333333334
2603,5.8,3.85
2604,6.116666666666666,4.3
2605,0.8333333333333334,5.233333333333333
2606,0.7833333333333333,3.9
2607,0.75,1.1333333333333333
2608,4.2,4.55
2609,13.433333333333335,3.1333333333333333
2610,0.5666666666666667,1.7
2611,0.5833333333333334,0.7333333333333333
2612,1.2833333333333334,3.15
2613,1.3166666666666669,2.5166666666666666
2614,0.016666666666666666,0.06666666666666668
2615,0.0,0.0
2616,0.0,0.0
2617,0.016666666666666666,0.0
2618,0.05,0.03333333333333333
2619,0.0,0.03333333333333333
2620,0.016666666666666666,0.16666666666666666
2621,0.03333333333333333,0.2833333333333333
2622,0.8,0.9833333333333332
2623,0.03333333333333333,0.0
2624,1.8833333333333333,0.38333333333333336
2625,0.5333333333333333,0.6333333333333333
2626,3.3666666666666667,1.25
2627,2.6,4.916666666666667
2628,1.5,2.533333333333333
2629,3.733333333333333,1.3666666666666667
2630,1.9,1.1833333333333331
2631,1.3666666666666667,1.3833333333333333
2632,0.9333333333333332,1.2833333333333334
2633,5.666666666666668,6.583333333333332
2634,8.75,4.8
2635,0.18333333333333326,1.8166666666666669
2636,1.55,2.1666666666666665
2637,5.366666666666666,3.083333333333333
2638,3.5166666666666666,1.65
2639,1.3833333333333333,0.05
2640,3.683333333333333,4.366666666666666
2641,4.65,4.583333333333333
2642,2.4166666666666665,2.9
2643,1.8,2.4166666666666665
2644,1.45,2.8
2645,1.5,1.9666666666666663
2646,1.1333333333333333,1.35
2647,0.18333333333333326,0.05
2648,1.55,1.2166666666666666
2649,3.3,3.05
2650,4.533333333333333,0.5833333333333334
2651,0.65,0.36666666666666653
2652,2.466666666666667,2.2333333333333334
2653,3.9,2.85
2654,1.9,0.0
2655,3.3,4.166666666666667
2656,2.15,5.283333333333333
2657,4.333333333333333,0.9666666666666668
2658,3.1,4.383333333333334
2659,0.8666666666666667,7.966666666666668
2660,0.5833333333333334,9.016666666666667
2661,0.7166666666666667,3.35
2662,0.5833333333333334,3.0
2663,0.38333333333333336,1.7833333333333334
2664,0.0,0.0
2665,0.0,0.0
2666,0.11666666666666667,0.35
2667,0.5833333333333334,1.3333333333333333
2668,0.4166666666666667,1.7
2669,0.05,0.26666666666666666
2670,0.6333333333333333,1.3
2671,0.2,0.8
2672,0.25,0.5666666666666667
2673,0.31666666666666665,1.4
2674,0.9,1.35
2675,1.4,7.5166666666666675
2676,2.9,13.033333333333333
2677,2.1166666666666667,1.8
2678,1.05,1.4833333333333334
2679,0.9833333333333332,6.816666666666666
2680,1.9,7.033333333333332
2681,1.9333333333333331,9.25
2682,3.033333333333333,6.783333333333332
2683,1.0666666666666669,6.4
2684,0.9333333333333332,6.45
2685,1.0166666666666666,8.466666666666667
2686,0.9666666666666668,9.983333333333333
2687,2.4,8.8
2688,0.7833333333333333,2.2666666666666666
2689,0.7,3.0166666666666666
2690,0.5166666666666667,2.783333333333333
2691,0.36666666666666653,0.9833333333333332
2692,0.4166666666666667,1.65
2693,0.95,3.9166666666666665
2694,0.65,3.966666666666667
2695,0.7333333333333333,3.633333333333333
2696,0.4666666666666667,1.6833333333333331
2697,0.75,3.6
2698,0.5833333333333334,2.816666666666667
2699,0.8166666666666667,3.85
2700,1.4833333333333334,6.95
2701,2.3,5.466666666666668
2702,1.8833333333333333,2.716666666666667
2703,2.583333333333333,4.766666666666667
2704,4.533333333333333,14.166666666666664
2705,5.316666666666666,12.316666666666665
2706,4.316666666666666,6.9833333333333325
2707,5.7666666666666675,10.233333333333333
2708,4.766666666666667,9.6
2709,4.916666666666667,11.05
2710,2.033333333333333,2.683333333333333
2711,1.4333333333333331,1.75
2712,4.983333333333333,4.733333333333333
2713,4.283333333333333,2.95
2714,0.7,0.9833333333333332
2715,2.75,2.283333333333333
2716,3.2,3.9
